Stock ID*,Stock Location,Library ID*,Genome Type,SRA Accession,Focal Genome Represented,Read Length 1,Read Length 2 (X = single base reads),Coverage**,Mean Depth**,Data Group
CK1,Langley lab,CK1_1-HE,haploid_embryo,SRX058145,"X,2L,2R,3L,3R",76,76,110870215,39.4,DPGP2
CK2,Langley lab,CK2_1-HE,haploid_embryo,SRX058146,"X,2L,2R,3L,3R",146,146,111567582,44.7,DPGP2
CO1,Pool Lab,CO1_1-HE,haploid_embryo,SRX058148,"X,2L,2R,3L,3R",76,76,110985812,34.5,DPGP2
CO10b-3,Pool Lab,CO10b-3_1,homozygous_chromosome_line,SRX058149,"3L,3R",76,76,49416174,19.3,DPGP2
CO10N,Pool Lab,CO10N_2-HE,haploid_embryo,SRX058150,"X,2L,2R,3L,3R",76,76,110659129,29.0,DPGP2
CO13N,Pool Lab,CO13N_1-HE,haploid_embryo,SRX058151,"X,2L,2R,3L,3R",146,146,111264202,39.8,DPGP2
CO14,Pool Lab,CO14_1-HE,haploid_embryo,SRX058152,"X,2L,2R,3L,3R",76,76,110772703,28.4,DPGP2
CO15N,Pool Lab,CO15N_1-HE,haploid_embryo,SRX058153,"X,2L,2R,3L,3R",76,76,111058052,44.2,DPGP2
CO16,Pool Lab,CO16_1-HE,haploid_embryo,SRX058154,"X,2L,2R,3L,3R",76,76,110910301,27.4,DPGP2
CO16-3,Pool Lab,CO16-3_2,homozygous_chromosome_line,SRX043637,"3L,3R",76,76,49077744,17.6,DPGP2
CO2,Pool Lab,CO2_1-HE,haploid_embryo,SRX058155,"X,2L,2R,3L,3R",76,76,110917385,39.5,DPGP2
CO4N,Pool Lab,CO4N_1-HE,haploid_embryo,SRX058156,"X,2L,2R,3L,3R",76,76,111025671,37.7,DPGP2
CO8b-3,Pool Lab,CO8b-3_1,homozygous_chromosome_line,SRX058157,"3L,3R",76,76,49411732,18.8,DPGP2
CO8N,Pool Lab,CO8N_1-HE,haploid_embryo,SRX058158,"X,2L,2R,3L,3R",76,76,111018770,35.1,DPGP2
CO9N,Pool Lab,CO9N_1-HE,haploid_embryo,SRX058159,"X,2L,2R,3L,3R",146,146,111112139,40.8,DPGP2
ED10N,Pool Lab,ED10N_1-HE,haploid_embryo,SRX058161,"X,2L,2R,3L,3R",76,76,110972560,38.5,DPGP2
ED19-1-3,Pool Lab,ED19-1-3_1,homozygous_chromosome_line,SRX058162,"X,3L,3R",76,76,69902885,24.1,DPGP2
ED2,Pool Lab,ED2_1-HE,haploid_embryo,SRX058163,"X,2L,2R,3L,3R",76,76,110741527,32.4,DPGP2
ED3,Pool Lab,ED3_1-HE,haploid_embryo,SRX058164,"X,2L,2R,3L,3R",76,76,110756895,31.0,DPGP2
ED55-2,Pool Lab,ED55-2_1,homozygous_chromosome_line,SRX058170,"2L,2R",76,76,37819949,7.2,DPGP2
ED56-2,Pool Lab,ED56-2_1,homozygous_chromosome_line,SRX058172,"2L,2R",76,76,40819594,20.0,DPGP2
ED5N,Pool Lab,ED5N_1-HE,haploid_embryo,SRX058173,"X,2L,2R,3L,3R",76,76,111001992,32.9,DPGP2
ED6N,Pool Lab,ED6N_1-HE,haploid_embryo,SRX058174,"X,2L,2R,3L,3R",76,76,111074517,35.8,DPGP2
EZ2,Langley lab,EZ2_1-HE,haploid_embryo,SRX058175,"X,2L,2R,3L,3R",76,76,110886405,31.8,DPGP2
EZ25,Langley lab,EZ25_1-HE,haploid_embryo,SRX058177,"X,2L,2R,3L,3R",76,76,111002928,31.2,DPGP2
EZ5N,Langley lab,EZ5N_1-HE,haploid_embryo,SRX058178,"X,2L,2R,3L,3R",76,76,111054921,35.8,DPGP2
EZ63-1-3,Langley lab,EZ63-1-3_1,homozygous_chromosome_line,SRX058179,"X,3L,3R",76,76,70007785,22.7,DPGP2
EZ9N,Langley lab,EZ9N_4-HE,haploid_embryo,SRX058180,"X,2L,2R,3L,3R",76,76,111005449,30.7,DPGP2
FR14,Pool Lab,FR14_1-HE,haploid_embryo,SRX058182,"X,2L,2R,3L,3R",76,76,111587745,35.3,DPGP2
FR151,Pool Lab,FR151_1-HE,haploid_embryo,SRX058183,"X,2L,2R,3L,3R",76,76,111498267,35.5,DPGP2
FR180,Pool Lab,FR180_2-HE,haploid_embryo,SRX058184,"X,2L,2R,3L,3R",146,146,112084373,42.3,DPGP2
FR207,Pool Lab,FR207_2-HE,haploid_embryo,SRX058185,"X,2L,2R,3L,3R",146,146,112168144,38.9,DPGP2
FR217,Pool Lab,FR217_1-HE,haploid_embryo,SRX058186,"X,2L,2R,3L,3R",76,76,111488124,39.2,DPGP2
FR229,Pool Lab,FR229_2-HE,haploid_embryo,SRX058187,"X,2L,2R,3L,3R",146,146,112159960,40.6,DPGP2
FR310,Pool Lab,FR310_1-HE,haploid_embryo,SRX058188,"X,2L,2R,3L,3R",76,76,111678616,34.7,DPGP2
FR361,Pool Lab,FR361_1-HE,haploid_embryo,SRX058189,"X,2L,2R,3L,3R",76,76,111433694,38.7,DPGP2
FR70,Pool Lab,FR70_2-HE,haploid_embryo,SRX058190,"X,2L,2R,3L,3R",146,146,112230154,37.6,DPGP2
GA125,Pool lab,GA125_1-HE,haploid_embryo,SRX058192,"X,2L,2R,3L,3R",76,76,111064500,42.8,DPGP2
GA129,Pool lab,GA129_1-HE,haploid_embryo,SRX058193,"X,2L,2R,3L,3R",76,76,111099834,47.9,DPGP2
GA130,Pool lab,GA130_1-HE,haploid_embryo,SRX058194,"X,2L,2R,3L,3R",76,76,111771726,47.6,DPGP2
GA132,Pool lab,GA132_1-HE,haploid_embryo,SRX058195,"X,2L,2R,3L,3R",76,76,110999716,45.2,DPGP2
GA141,Pool lab,GA141_1-HE,haploid_embryo,SRX058196,"X,2L,2R,3L,3R",76,76,111146499,45.1,DPGP2
GA145,Pool lab,GA145_1-HE,haploid_embryo,SRX058197,"X,2L,2R,3L,3R",76,76,111474687,45.1,DPGP2
GA160,Pool lab,GA160_1-HE,haploid_embryo,SRX058198,"X,2L,2R,3L,3R",76,76,110825760,32.5,DPGP2
GA185,Langley lab,GA185_1-HE,haploid_embryo,SRX058199,"X,2L,2R,3L,3R",76,76,111023182,49.5,DPGP2
GA187,Pool lab,GA187_1-HE,haploid_embryo,SRX040483,"X,3L,3R",76,76,69995002,47.9,DPGP2
GA191,Pool lab,GA191_1-HE,haploid_embryo,SRX058200,"X,2L,2R,3L,3R",76,76,110885955,36.2,DPGP2
GU10,Langley lab,GU10_1-HE,haploid_embryo,SRX058205,"X,2L,2R,3L,3R",76,76,110887105,38.9,DPGP2
GU11-3,Langley lab,GU11-3_1,homozygous_chromosome_line,SRX058206,"3L,3R",76,76,49192814,22.6,DPGP2
GU2,Langley lab,GU2_1-HE,haploid_embryo,SRX058207,"X,2L,2R,3L,3R",76,76,110886266,38.4,DPGP2
GU3-3,Langley lab,GU3-3_1,homozygous_chromosome_line,SRX058208,"3L,3R",76,76,49444541,24.2,DPGP2
GU6,Langley lab,GU6_1-HE,haploid_embryo,SRX058209,"X,2L,2R,3L,3R",76,76,110933340,38.1,DPGP2
GU7,Langley lab,GU7_1-HE,haploid_embryo,SRX058210,"X,2L,2R,3L,3R",76,76,110869847,38.0,DPGP2
GU9,Langley lab,GU9_1-HE,haploid_embryo,SRX058211,"X,2L,2R,3L,3R",76,76,111016284,36.3,DPGP2
KN133N,Langley lab,KN133N_1-HE,haploid_embryo,SRX058256,"X,2L,2R,3L,3R",76,76,111123747,35.0,DPGP2
KN20N,Langley lab,KN20N_1-HE,haploid_embryo,SRX058253,"X,2L,2R,3L,3R",76,76,110974588,37.6,DPGP2
KN34,Langley lab,KN34_1-HE,haploid_embryo,SRX058257,"X,2L,2R,3L,3R",76,76,111093421,29.9,DPGP2
KN35,Langley lab,KN35_1-HE,haploid_embryo,SRX058258,"X,2L,2R,3L,3R",76,76,111066184,34.3,DPGP2
KN6,Langley lab,KN6_1-HE,haploid_embryo,SRX058260,"X,2L,2R,3L,3R",76,76,111089948,39.4,DPGP2
KN73-1-3,Langley lab,KN73-1-3_1,homozygous_chromosome_line,SRX058262,"X,3L,3R",76,76,70086336,26.1,DPGP2
KO10-1-3,Langley lab,"KO10-1-3_1,KO10-1-3_2",homozygous_chromosome_line,"SRX058263,SRX058264","X,3L,3R",76,76,68676498,13.8,DPGP2
KO2-1-3,Langley lab,KO2-1-3_1,homozygous_chromosome_line,SRX058265,"X,3L,3R",76,76,70155316,20.7,DPGP2
KO6-1-3,Langley lab,KO6-1-3_1,homozygous_chromosome_line,SRX058266,"X,3L,3R",76,76,69836740,24.2,DPGP2
KR39,Langley lab,KR39_1-HE,haploid_embryo,SRX058267,"X,2L,2R,3L,3R",76,76,111101981,34.7,DPGP2
KR42,Langley lab,KR42_1-HE,haploid_embryo,SRX058268,"X,2L,2R,3L,3R",76,76,110823311,32.9,DPGP2
KR4N,Langley lab,KR4N_1-HE,haploid_embryo,SRX058269,"X,2L,2R,3L,3R",76,76,111045036,29.6,DPGP2
KR54-1-3,Langley lab,KR54-1-3_1,homozygous_chromosome_line,SRX058270,"X,3L,3R",76,76,69999694,26.7,DPGP2
KR68-1-3,Langley lab,KR68-1-3_1,homozygous_chromosome_line,SRX058271,"X,3L,3R",76,76,69882147,23.5,DPGP2
KR7,Langley lab,KR7_1-HE,haploid_embryo,SRX058272,"X,2L,2R,3L,3R",76,76,110930639,29.2,DPGP2
KT1,Langley lab,KT1_1-HE,haploid_embryo,SRX058273,"X,2L,2R,3L,3R",76,76,111229668,37.6,DPGP2
KT6,Langley lab,KT6_1-HE,haploid_embryo,SRX058274,"X,2L,2R,3L,3R",76,76,111074001,29.6,DPGP2
MW11-1,Bloomington,MW11-1,homozygous_chromosome_line,SRX022256,X,36,X,19598151,6.5,DPGP2
MW27-3,Bloomington,MW27-3,homozygous_chromosome_line,SRX019049,"3L,3R",36,X,46960719,6.0,DPGP2
MW28-1,Bloomington,MW28-1,homozygous_chromosome_line,SRX019104,X,36,X,20115613,9.1,DPGP2
MW28-2-3,Bloomington,MW28-2-3,homozygous_chromosome_line,SRX000484,"2L,2R,3L,3R",36,X,88197208,8.4,DPGP2
MW38-1,Bloomington,MW38-1,homozygous_chromosome_line,SRX019107,X,36,X,20077519,8.9,DPGP2
MW38-2,Bloomington,MW38-2,homozygous_chromosome_line,SRX019109,"2L,2R",36,X,39356212,6.1,DPGP2
MW46-1,Bloomington,MW46-1,homozygous_chromosome_line,SRX019110,X,36,X,20161349,8.7,DPGP2
MW56-2-3,Bloomington,MW56-2-3,homozygous_chromosome_line,SRX000440,"2L,2R,3L,3R",36,X,89052820,11.5,DPGP2
MW6-1,Bloomington,MW6-1,homozygous_chromosome_line,SRX022257,X,36,X,19604557,9.2,DPGP2
MW6-2,Bloomington,MW6-2,homozygous_chromosome_line,SRX022258,"2L,2R",36,X,40110190,7.9,DPGP2
MW6-3,Bloomington,MW6-3,homozygous_chromosome_line,SRX022259,"3L,3R",36,X,44153676,4.3,DPGP2
MW63-1,Bloomington,MW63-1,homozygous_chromosome_line,SRX019022,X,36,X,20111035,7.9,DPGP2
MW63-2-3,Bloomington,MW63-2-3,homozygous_chromosome_line,SRX000439,"2L,2R,3L,3R",36,X,88989183,11.4,DPGP2
MW9-1,Bloomington,MW9-1,homozygous_chromosome_line,SRX022262,X,36,X,18586962,4.8,DPGP2
MW9-2,Bloomington,MW9-2,homozygous_chromosome_line,SRX022263,"2L,2R",36,X,40056587,8.4,DPGP2
NG10N,Langley lab,NG10N_1-HE,haploid_embryo,SRX058275,"X,2L,2R,3L,3R",76,76,111001728,38.9,DPGP2
NG1N,Pool lab,NG1N_1-HE,haploid_embryo,SRX058276,"X,2L,2R,3L,3R",76,76,110992790,35.9,DPGP2
NG3N,Pool lab,NG3N_1-HE,haploid_embryo,SRX058378,"X,2L,2R,3L,3R",76,76,111022313,36.4,DPGP2
NG6N,Pool lab,NG6N_1-HE,haploid_embryo,SRX058278,"X,2L,2R,3L,3R",76,76,111483632,38.4,DPGP2
NG7,Pool lab,NG7_1-HE,haploid_embryo,SRX058279,"X,2L,2R,3L,3R",76,76,110878334,30.9,DPGP2
NG9,Pool lab,NG9_1-HE,haploid_embryo,SRX058280,"X,2L,2R,3L,3R",76,76,111057976,36.0,DPGP2
RC1,Langley lab,RC1_1-HE,haploid_embryo,SRX058281,"X,2L,2R,3L,3R",76,76,110659330,30.3,DPGP2
RC5,Langley lab,RC5_1-HE,haploid_embryo,SRX058282,"X,2L,2R,3L,3R",76,76,110723230,24.9,DPGP2
RG10,Pool lab,RG10_1-HE,haploid_embryo,SRX058338,"X,2L,2R,3L,3R",76,76,111059693,37.8,DPGP2
RG11N,Pool lab,RG11N_1-HE,haploid_embryo,SRX058339,"X,2L,2R,3L,3R",76,76,111028978,38.0,DPGP2
RG13N,Pool lab,RG13N_1-HE,haploid_embryo,SRX058340,"X,2L,2R,3L,3R",146,146,111054973,37.3,DPGP2
RG15,Pool lab,"RG15_1-HE,RG15_2-HE",haploid_embryo,"SRX058341,SRX058342","X,2L,2R,3L,3R",76,76,111426460,43.0,DPGP2
RG18N,Pool lab,RG18N_1-HE,haploid_embryo,SRX058343,"X,2L,2R,3L,3R",100,76,111049362,49.5,DPGP2
RG19,Pool lab,RG19_1-HE,haploid_embryo,SRX058344,"X,2L,2R,3L,3R",76,76,110800777,29.2,DPGP2
RG2,Pool lab,RG2_2-HE,haploid_embryo,SRX058345,"X,2L,2R,3L,3R",76,76,110962517,37.3,DPGP2
RG21N,Pool lab,RG21N_1-HE,haploid_embryo,SRX058346,"X,2L,2R,3L,3R",76,76,111177431,43.1,DPGP2
RG22,Pool lab,RG22_1-HE,haploid_embryo,SRX058347,"X,2L,2R,3L,3R",76,76,110924648,38.0,DPGP2
RG24,Pool lab,RG24-HE,haploid_embryo,SRX058348,"X,2L,2R,3L,3R",76,76,110863990,36.6,DPGP2
RG25,Pool lab,RG25_1-HE,haploid_embryo,SRX058349,"X,2L,2R,3L,3R",76,76,110909255,38.1,DPGP2
RG28,Pool lab,RG28_1-HE,haploid_embryo,SRX058350,"X,2L,2R,3L,3R",76,76,110849168,36.5,DPGP2
RG3,Pool lab,RG3_1-HE,haploid_embryo,SRX058351,"X,2L,2R,3L,3R",76,76,111013964,37.8,DPGP2
RG32N,Langley lab,RG32N_1-HE,haploid_embryo,SRX058352,"X,2L,2R,3L,3R",76,76,111005592,41.4,DPGP2
RG33,Pool lab,RG33_1-HE,haploid_embryo,SRX058353,"X,2L,2R,3L,3R",146,146,111689097,69.8,DPGP2
RG34,Pool lab,RG34_1-HE,haploid_embryo,SRX058354,"X,2L,2R,3L,3R",76,76,110970558,29.9,DPGP2
RG35,Pool lab,"RG35_1-HE,RG35_2-HE",haploid_embryo,"SRX058355,SRX058356","X,2L,2R,3L,3R",76,76,111272193,31.6,DPGP2
RG36,Pool lab,RG36_1-HE,haploid_embryo,SRX058357,"X,2L,2R,3L,3R",76,76,111048678,29.8,DPGP2
RG37N,Langley lab,RG37N_1-HE,haploid_embryo,SRX058358,"X,2L,2R,3L,3R",146,146,110932527,34.4,DPGP2
RG38N,Pool lab,RG38N_1-HE,haploid_embryo,SRX058359,"X,2L,2R,3L,3R",76,76,110944274,42.3,DPGP2
RG39,Pool lab,RG39_1-HE,haploid_embryo,SRX058360,"X,2L,2R,3L,3R",146,146,111031118,37.6,DPGP2
RG4N,Pool lab,RG4N_1-HE,haploid_embryo,SRX058362,"X,2L,2R,3L,3R",146,146,111396200,54.2,DPGP2
RG5,Pool lab,RG5_1-HE,haploid_embryo,SRX058367,"X,2L,2R,3L,3R",76,76,110940802,27.1,DPGP2
RG6N,Langley lab,RG6N_1-HE,haploid_embryo,SRX058368,"X,2L,2R,3L,3R",146,146,111216270,47.7,DPGP2
RG7,Pool lab,RG7_1-HE,haploid_embryo,SRX058369,"X,2L,2R,3L,3R",76,76,110786019,36.3,DPGP2
RG8,Pool lab,RG8_1-HE,haploid_embryo,SRX058370,"X,2L,2R,3L,3R",146,146,111355365,48.8,DPGP2
RG9,Pool lab,RG9_1-HE,haploid_embryo,SRX058371,"X,2L,2R,3L,3R",76,76,110805559,37.4,DPGP2
SP173,Pool lab,SP173_1-HE,haploid_embryo,SRX058286,"X,2L,2R,3L,3R",146,146,110925002,37.6,DPGP2
SP188,Langley lab,SP188_1-HE,haploid_embryo,SRX058287,"X,2L,2R,3L,3R",146,146,111309908,38.6,DPGP2
SP221,Pool lab,SP221_1-HE,haploid_embryo,SRX058288,"X,2L,2R,3L,3R",146,146,111199509,40.7,DPGP2
SP235,Langley lab,SP235_1-HE,haploid_embryo,SRX058289,"X,2L,2R,3L,3R",146,146,111046100,36.1,DPGP2
SP241,Pool lab,SP241_1-HE,haploid_embryo,SRX058290,"X,2L,2R,3L,3R",146,146,111133152,39.0,DPGP2
SP254,Langley lab,SP254_1-HE,haploid_embryo,SRX058291,"X,2L,2R,3L,3R",100,76,111233879,50.9,DPGP2
SP80,Langley lab,SP80_1-HE,haploid_embryo,SRX058292,"X,2L,2R,3L,3R",146,146,111128089,41.6,DPGP2
TZ10,Langley lab,TZ10_1-HE,haploid_embryo,SRX058283,"X,2L,2R,3L,3R",76,76,110737417,26.9,DPGP2
TZ14,Langley lab,TZ14_1-HE,haploid_embryo,SRX058284,"X,2L,2R,3L,3R",76,76,111045117,35.3,DPGP2
TZ8,Langley lab,TZ8_1-HE,haploid_embryo,SRX058285,"X,2L,2R,3L,3R",76,76,110920135,35.9,DPGP2
UG17-3,Pool lab,UG17-3_1,homozygous_chromosome_line,SRX040755,"3L,3R",76,76,49312974,15.7,DPGP2
UG19,Pool lab,UG19_1-HE,haploid_embryo,SRX058376,"X,2L,2R,3L,3R",76,76,110998446,37.2,DPGP2
UG28N,Pool lab,UG28N_1-HE,haploid_embryo,SRX058277,"X,2L,2R,3L,3R",76,76,110922524,38.8,DPGP2
UG40-3,Pool lab,UG40-3_1,homozygous_chromosome_line,SRX040756,"3L,3R",76,76,49046031,10.0,DPGP2
UG5N,Pool lab,UG5N_1-HE,haploid_embryo,SRX058379,"X,2L,2R,3L,3R",76,76,111110172,34.2,DPGP2
UG7,Pool lab,UG7_1-HE,haploid_embryo,SRX058380,"X,2L,2R,3L,3R",76,76,110987959,38.5,DPGP2
UM118,Langley lab,UM118_1-HE,haploid_embryo,SRX058381,"X,2L,2R,3L,3R",100,76,111331787,49.0,DPGP2
UM37,Langley lab,UM37_1-HE,haploid_embryo,SRX058382,"X,2L,2R,3L,3R",100,76,111065285,51.1,DPGP2
UM526,Langley lab,UM526_1-HE,haploid_embryo,SRX058383,"X,2L,2R,3L,3R",100,76,111376243,52.5,DPGP2
ZK131,Langley lab,ZK131_1,inbred_line,SRX058384,"X,3L,3R",76,76,69878083,23.0,DPGP2
ZK186,Langley lab,ZK186_1,inbred_line,SRX058385,"X,3L,3R",76,76,47158427,22.6,DPGP2
ZK84,Langley lab,ZK84_1,inbred_line,SRX058386,X,76,76,20520231,22.4,DPGP2
ZL130,Langley lab,ZL130_1-HE,haploid_embryo,SRX058391,"X,2L,2R,3L,3R",100,76,111582282,51.9,DPGP2
ZO12,Langley lab,ZO12_1-HE,haploid_embryo,SRX058293,"X,2L,2R,3L,3R",100,76,111379444,46.7,DPGP2
ZO65,Langley lab,ZO65_1-HE,haploid_embryo,SRX058294,"X,2L,2R,3L,3R",76,76,111024349,40.5,DPGP2
ZS11,Langley lab,ZS11_1-HE,haploid_embryo,SRX058372,"X,2L,2R,3L,3R",76,76,110736467,37.7,DPGP2
ZS37,Langley lab,ZS37_1-HE,haploid_embryo,SRX058373,"X,2L,2R,3L,3R",76,76,110877107,41.2,DPGP2
ZS5,Langley lab,ZS5_1-HE,haploid_embryo,SRX058374,"X,2L,2R,3L,3R",76,76,110504765,38.2,DPGP2
ZS56,Langley lab,ZS56_1-HE,haploid_embryo,SRX058375,"X,2L,2R,3L,3R",76,76,110737628,36.0,DPGP2
EA119,Pool Lab,EA119_1-HE,haploid_embryo,SRX791698,"X,2L,2R,3L,3R",100,100,110802511,23.9,AGES
EA3,Pool Lab,EA3_1-HE,haploid_embryo,SRX791706,"X,2L,2R,3L,3R",100,100,109973592,14.9,AGES
EA49,Pool Lab,EA49_1-HE,haploid_embryo,SRX791713,"X,2L,2R,3L,3R",100,100,110446851,18.2,AGES
EA71,Pool Lab,EA71_1-HE,haploid_embryo,SRX791849,"X,2L,2R,3L,3R",100,100,110201588,17.6,AGES
EA87,Pool Lab,EA87_1-HE,haploid_embryo,SRX791850,"X,2L,2R,3L,3R",100,100,111259464,38.9,AGES
EB132,Langley lab,EB132_1-HE,haploid_embryo,SRX791857,"X,2L,2R,3L,3R",100,100,109975270,15.2,AGES
EB148,Langley lab,EB148_1-HE,haploid_embryo,SRX791858,"X,2L,2R,3L,3R",100,100,110799356,27.4,AGES
EB18,Langley lab,EB18_1-HE,haploid_embryo,SRX792309,"X,2L,2R,3L,3R",100,100,110159072,22.7,AGES
EB237,Langley lab,EB237_1-HE,haploid_embryo,SRX792316,"X,2L,2R,3L,3R",100,100,107991203,18.9,AGES
EB25,Langley lab,EB25_1-HE,haploid_embryo,SRX792329,"X,2L,2R,3L,3R",100,100,103098821,19.4,AGES
EF120,Pool lab,EF120_1-HE,haploid_embryo,SRX792353,"X,2L,2R,3L,3R",100,100,110182512,14.8,AGES
EF2,Pool lab,EF2_1-HE,haploid_embryo,SRX792383,"X,2L,2R,3L,3R",100,100,102569123,16.9,AGES
EF39,Pool lab,EF39_1-HE,haploid_embryo,SRX792510,"X,2L,2R,3L,3R",100,100,110937745,24.9,AGES
EF65,Pool lab,EF65_1-HE,haploid_embryo,SRX792606,"X,2L,2R,3L,3R",100,100,107539051,17.1,AGES
EF78,Pool lab,EF78_1-HE,haploid_embryo,SRX792639,"X,2L,2R,3L,3R",100,100,110871321,23.8,AGES
EG40N,Pool lab,EG40N,inbred_line,SRX792675,"X,2R",100,100,25659426,14.3,AGES
EG69N,Pool lab,EG69N,inbred_line,SRX793022,"X,2L,2R,3R",100,100,73335770,13.6,AGES
EG73N,Pool lab,EG73N,inbred_line,SRX793046,"X,2L,2R,3L,3R",100,100,105554844,13.8,AGES
EM239,Pool lab,EM239_1-HE,haploid_embryo,SRX796504,"X,2L,2R,3L,3R",100,100,110884780,36.2,AGES
EM40,Langley lab,EM40_1-HE,haploid_embryo,SRX796506,"X,2L,2R,3L,3R",100,100,110289913,40.2,AGES
EM6,Langley lab,EM6_1-HE,haploid_embryo,SRX798227,"X,2L,2R,3L,3R",100,100,111253502,43.1,AGES
ER11,Langley lab,ER11_1-HE,haploid_embryo,SRX799440,"X,2L,2R,3L,3R",100,100,110997297,37.3,AGES
ER156,Langley lab,ER156_1-HE,haploid_embryo,SRX799441,"X,2L,2R,3L,3R",100,100,111173551,49.9,AGES
ER32,Langley lab,ER32_1-HE,haploid_embryo,SRX799442,"X,2L,2R,3L,3R",100,100,111274473,48.9,AGES
ER63,Langley lab,ER63_1-HE,haploid_embryo,SRX799443,"X,2L,2R,3L,3R",100,100,111264885,45.9,AGES
ER85,Langley lab,ER85_1-HE,haploid_embryo,SRX799444,"X,2L,2R,3L,3R",100,100,110882762,36.0,AGES
KM106,Pool lab,KM106,isofemale_line,SRX799445,"X,2L,2R",100,100,52311427,15.1,AGES
KM36,Pool lab,KM36,isofemale_line,SRX799446,"X,2L,2R",100,100,29467460,12.7,AGES
KM73,Pool lab,KM73,isofemale_line,SRX799447,"X,2L,2R,3L",100,100,34722042,12.7,AGES
KM92,Pool lab,KM92,isofemale_line,SRX799448,"X,2L",100,100,34896944,16.4,AGES
SB10,Pool lab,SB10_1-HE,haploid_embryo,SRX799453,"X,2L,2R,3L,3R",100,100,111238977,34.2,AGES
SB16,Pool lab,SB16_1-HE,haploid_embryo,SRX799458,"X,2L,2R,3L,3R",100,100,111438387,32.4,AGES
SB26,Pool lab,SB26_1-HE,haploid_embryo,SRX799463,"X,2L,2R,3L,3R",100,100,110431536,24.2,AGES
SB31,Pool lab,SB31_1-HE,haploid_embryo,SRX799471,"X,2L,2R,3L,3R",100,100,110110096,30.2,AGES
SB51,Pool lab,SB51_1-HE,haploid_embryo,SRX799476,"X,2L,2R,3L,3R",100,100,111012407,30.5,AGES
SD145,Pool lab,SD145_1-HE,haploid_embryo,SRX799486,"X,2L,2R,3L,3R",100,100,103608961,11.9,AGES
SD45,Pool lab,SD45_1-HE,haploid_embryo,SRX799548,"X,2L,2R,3L,3R",100,100,108833311,19.9,AGES
SD67,Pool lab,SD67_1-HE,haploid_embryo,SRX799553,"X,2L,2R,3L,3R",100,100,107727669,17.8,AGES
SD82,Pool lab,SD82_1-HE,haploid_embryo,SRX799570,"X,3L,3R",100,100,68713592,17.5,AGES
SD98,Pool lab,SD98_1-HE,haploid_embryo,SRX799626,"X,2L,2R,3L,3R",100,100,109465742,15.7,AGES
SE16,Pool lab,SE16_1-HE,haploid_embryo,SRX799657,"X,2L,2R,3L,3R",100,100,110152409,24.1,AGES
SE55,Pool lab,SE55_1-HE,haploid_embryo,SRX799658,"X,2L,2R,3L,3R",100,100,108599655,17.4,AGES
SE63,Pool lab,SE63_1-HE,haploid_embryo,SRX799659,"X,2L,2R,3L,3R",100,100,109685011,11.9,AGES
SF110,Langley lab,SF110_1-HE,haploid_embryo,SRX799660,"X,2L,2R,3L,3R",100,100,109298228,12.3,AGES
SF332,Langley lab,SF332_1-HE,haploid_embryo,SRX799661,"X,2L,2R,3L,3R",100,100,110582475,19.9,AGES
SF428,Langley lab,SF428_1-HE,haploid_embryo,SRX799663,"X,2L,2R,3L,3R",100,100,110495354,16.5,AGES
SF447,Pool lab,SF447_1-HE,haploid_embryo,SRX799664,"X,2L,2R,3L,3R",100,100,110719070,20.7,AGES
SF7,Pool Lab,SF7_1-HE,haploid_embryo,SRX799665,"X,3L,3R",100,100,65405010,12.2,AGES
UK10,Langley lab,UK10_1-HE,haploid_embryo,SRX799666,"X,2L,2R,3L,3R",100,100,109576758,18.2,AGES
UK120,Langley lab,UK120_1-HE,haploid_embryo,SRX799667,"X,2L,2R,3L,3R",100,100,108541523,23.2,AGES
UK2,Langley lab,UK2_1-HE,haploid_embryo,SRX799668,"X,2L,2R,3L,3R",100,100,111035774,25.2,AGES
UK57,Langley lab,UK57_1-HE,haploid_embryo,SRX799669,"X,2L,2R,3L,3R",100,100,110904117,29.9,AGES
UK73,Langley lab,UK73_1-HE,haploid_embryo,SRX799670,"X,2L,2R,3L,3R",100,100,110415909,15.8,AGES
ZI10,Langley/Pool Lab,ZI10-HE,haploid_embryo,SRR203502,"X,2L,2R,3L,3R",146,146,111193078,36.7,DPGP3
ZI103,Langley/Pool Lab,ZI103-HE,haploid_embryo,SRR203226,"X,2L,2R,3L,3R",146,146,110934784,35.7,DPGP3
ZI104,Langley/Pool Lab,ZI104-HE,haploid_embryo,SRR654551,"X,2L,2R,3L,3R",160,156,111461833,46.4,DPGP3
ZI114N,Langley/Pool Lab,ZI114N-HE,haploid_embryo,SRR654662,"X,2L,2R,3L,3R",160,156,111555276,54.9,DPGP3
ZI117,Langley/Pool Lab,ZI117-HE,haploid_embryo,SRR248130,"X,2L,2R,3L,3R",146,146,110733273,33.7,DPGP3
ZI118N,Langley/Pool Lab,ZI118N-HE,haploid_embryo,SRR654664,"X,2L,2R,3L,3R",160,156,111264688,36.8,DPGP3
ZI126,Langley/Pool Lab,ZI126-HE,haploid_embryo,SRR203336,"X,2L,2R,3L,3R",146,146,111294589,49.2,DPGP3
ZI129,Langley/Pool Lab,ZI129-HE,haploid_embryo,SRR203232,"X,2L,2R,3L,3R",146,146,110557480,36.5,DPGP3
ZI134N,Langley/Pool Lab,ZI134N-HE,haploid_embryo,SRR326933,"X,2L,2R,3L,3R",150,150,111137220,43.0,DPGP3
ZI136,Langley/Pool Lab,ZI136-HE,haploid_embryo,SRR204007,"X,2L,2R,3L,3R",146,146,111076405,43.0,DPGP3
ZI138,Langley/Pool Lab,ZI138-HE,haploid_embryo,SRR203474,"X,2L,2R,3L,3R",146,146,111080360,46.5,DPGP3
ZI152,Langley Lab,ZI152-HE,haploid_embryo,SRR326790,"X,2L,2R,3L,3R",150,150,110940691,43.4,DPGP3
ZI157,Langley/Pool Lab,ZI157-HE,haploid_embryo,SRR202089,"X,2L,2R,3L,3R",146,146,111073719,39.4,DPGP3
ZI161,Langley/Pool Lab,ZI161-HE,haploid_embryo,SRR353759,"X,2L,2R,3L,3R",160,156,111428822,44.6,DPGP3
ZI164,Langley/Pool Lab,ZI164-HE,haploid_embryo,SRR346921,"X,2L,2R,3L,3R",160,156,111379416,43.6,DPGP3
ZI165,Langley/Pool Lab,ZI165-HE,haploid_embryo,SRR248129,"X,2L,2R,3L,3R",146,146,111026870,40.4,DPGP3
ZI167,Langley/Pool Lab,ZI167-HE,haploid_embryo,SRR654553,"X,2L,2R,3L,3R",160,156,111431818,49.0,DPGP3
ZI170,Langley/Pool Lab,ZI170-HE,haploid_embryo,SRR210787,"X,2L,2R,3L,3R",146,146,111007326,32.6,DPGP3
ZI172,Langley/Pool Lab,ZI172-HE,haploid_embryo,SRR326800,"X,2L,2R,3L,3R",150,150,111077126,42.8,DPGP3
ZI173,Langley/Pool Lab,ZI173-HE,haploid_embryo,SRR203330,"X,2L,2R,3L,3R",146,146,111055010,43.5,DPGP3
ZI176,Langley/Pool Lab,ZI176-HE,haploid_embryo,SRR210794,"X,2L,2R,3L,3R",146,146,111149048,46.2,DPGP3
ZI177,Langley/Pool Lab,ZI177-HE,haploid_embryo,SRR326796,"X,2L,2R,3L,3R",150,150,111161319,45.0,DPGP3
ZI178,Langley/Pool Lab,ZI178-HE,haploid_embryo,SRR203496,"X,2L,2R,3L,3R",146,146,111373519,38.4,DPGP3
ZI179,Langley/Pool Lab,ZI179-HE,haploid_embryo,SRR203233,"X,2L,2R,3L,3R",146,146,110565704,34.3,DPGP3
ZI181,Langley/Pool Lab,ZI181-HE,haploid_embryo,SRR203069,"X,2L,2R,3L,3R",146,146,110961646,38.5,DPGP3
ZI182,Langley/Pool Lab,ZI182-HE,haploid_embryo,SRR203473,"X,2L,2R,3L,3R",146,146,111231457,45.2,DPGP3
ZI184,Langley/Pool Lab,ZI184-HE,haploid_embryo,SRR203068,"X,2L,2R,3L,3R",146,146,110973764,40.4,DPGP3
ZI185,Langley/Pool Lab,ZI185-HE,haploid_embryo,SRR654669,"X,2L,2R,3L,3R",160,156,111405673,51.9,DPGP3
ZI188,Langley/Pool Lab,ZI188-HE,haploid_embryo,SRR202123,"X,2L,2R,3L,3R",146,146,111363950,44.9,DPGP3
ZI190,Langley/Pool Lab,ZI190-HE,haploid_embryo,SRR204018,"X,2L,2R,3L,3R",146,146,111094284,41.8,DPGP3
ZI191,Langley/Pool Lab,ZI191-HE,haploid_embryo,SRR202128,"X,2L,2R,3L,3R",146,146,110845648,49.2,DPGP3
ZI193,Langley/Pool Lab,ZI193-HE,haploid_embryo,SRR202124,"X,2L,2R,3L,3R",146,146,111221302,39.3,DPGP3
ZI194,Langley/Pool Lab,ZI194-HE,haploid_embryo,SRR203319,"X,2L,2R,3L,3R",146,146,111199120,44.9,DPGP3
ZI196,Langley/Pool Lab,ZI196-HE,haploid_embryo,SRR203467,"X,2L,2R,3L,3R",146,146,111230863,47.7,DPGP3
ZI197N,Langley/Pool Lab,ZI197N-HE,haploid_embryo,SRR342395,"X,2L,2R,3L,3R",160,156,111421409,39.2,DPGP3
ZI198,Langley/Pool Lab,ZI198-HE,haploid_embryo,SRR203230,"X,2L,2R,3L,3R",146,146,110681960,33.6,DPGP3
ZI199,Langley/Pool Lab,ZI199-HE,haploid_embryo,SRR203468,"X,2L,2R,3L,3R",146,146,111201423,46.1,DPGP3
ZI200,Langley/Pool Lab,ZI200-HE,haploid_embryo,SRR203234,"X,2L,2R,3L,3R",146,146,110292056,30.7,DPGP3
ZI202,Langley/Pool Lab,ZI202-HE,haploid_embryo,SRR203238,"X,2L,2R,3L,3R",146,146,110652957,37.5,DPGP3
ZI206,Langley/Pool Lab,ZI206-HE,haploid_embryo,SRR203506,"X,2L,2R,3L,3R",146,146,110965917,43.3,DPGP3
ZI207,Langley/Pool Lab,ZI207-HE,haploid_embryo,SRR202075,"X,2L,2R,3L,3R",146,146,110939792,40.0,DPGP3
ZI210,Langley/Pool Lab,ZI210-HE,haploid_embryo,SRR203229,"X,2L,2R,3L,3R",146,146,110855133,37.1,DPGP3
ZI211,Langley/Pool Lab,ZI211-HE,haploid_embryo,SRR203470,"X,2L,2R,3L,3R",146,146,111255824,42.9,DPGP3
ZI212,Langley/Pool Lab,ZI212-HE,haploid_embryo,SRR204012,"X,2L,2R,3L,3R",146,146,111107369,44.0,DPGP3
ZI213,Langley Lab,ZI213-HE,haploid_embryo,SRR203329,"X,2L,2R,3L,3R",146,146,111220353,44.2,DPGP3
ZI214,Langley/Pool Lab,ZI214-HE,haploid_embryo,SRR203331,"X,2L,2R,3L,3R",146,146,111109249,41.6,DPGP3
ZI216N,Langley/Pool Lab,ZI216N-HE,haploid_embryo,SRR203328,"X,2L,2R,3L,3R",146,146,111176278,44.2,DPGP3
ZI218,Langley/Pool Lab,ZI218-HE,haploid_embryo,SRR203235,"X,2L,2R,3L,3R",146,146,110446309,32.1,DPGP3
ZI219,Langley/Pool Lab,ZI219-HE,haploid_embryo,SRR203503,"X,2L,2R,3L,3R",146,146,111257806,39.8,DPGP3
ZI220,Langley/Pool Lab,ZI220-HE,haploid_embryo,SRR203067,"X,2L,2R,3L,3R",146,146,111180528,51.3,DPGP3
ZI221,Langley/Pool Lab,ZI221-HE,haploid_embryo,SRR202074,"X,2L,2R,3L,3R",146,146,111116173,38.0,DPGP3
ZI225,Langley/Pool Lab,ZI225-HE,haploid_embryo,"SRR202084,SRR654680","X,2L,2R,3L,3R","146,160","146,156",111172842,48.3,DPGP3
ZI226,Langley/Pool Lab,ZI226-HE,haploid_embryo,SRR203348,"X,2L,2R,3L,3R",146,146,111087308,43.6,DPGP3
ZI227,Langley/Pool Lab,ZI227-HE,haploid_embryo,SRR202126,"X,2L,2R,3L,3R",146,146,111269290,54.7,DPGP3
ZI228,Langley/Pool Lab,ZI228-HE,haploid_embryo,SRR203064,"X,2L,2R,3L,3R",146,146,110920063,37.8,DPGP3
ZI230,Langley/Pool Lab,ZI230-HE,haploid_embryo,"SRR248127,SRR654681","X,2L,2R,3L,3R","146,160","146,156",111392645,53.2,DPGP3
ZI231,Langley/Pool Lab,ZI231-HE,haploid_embryo,SRR202093,"X,2L,2R,3L,3R",146,146,111052862,35.2,DPGP3
ZI232,Langley/Pool Lab,ZI232-HE,haploid_embryo,SRR202076,"X,2L,2R,3L,3R",146,146,111178912,49.3,DPGP3
ZI233,Langley/Pool Lab,ZI233-HE,haploid_embryo,SRR203347,"X,2L,2R,3L,3R",146,146,111197026,48.3,DPGP3
ZI235,Langley/Pool Lab,ZI235-HE,haploid_embryo,SRR210792,"X,2L,2R,3L,3R",146,146,111226015,37.5,DPGP3
ZI237,Langley/Pool Lab,ZI237-HE,haploid_embryo,SRR203332,"X,2L,2R,3L,3R",146,146,111099228,42.8,DPGP3
ZI239,Langley/Pool Lab,ZI239-HE,haploid_embryo,SRR309279,"X,2L,2R,3L,3R",160,156,111132837,46.8,DPGP3
ZI240,Langley/Pool Lab,ZI240-HE,haploid_embryo,SRR203324,"X,2L,2R,3L,3R",146,146,111240601,41.6,DPGP3
ZI241,Langley/Pool Lab,ZI241-HE,haploid_embryo,SRR326798,"X,2L,2R,3L,3R",150,150,111162314,44.7,DPGP3
ZI250,Langley/Pool Lab,ZI250-HE,haploid_embryo,SRR202127,"X,2L,2R,3L,3R",146,146,110775309,35.0,DPGP3
ZI251N,Langley/Pool Lab,ZI251N-HE,haploid_embryo,SRR354001,"X,2L,2R,3L,3R",160,156,111416352,38.8,DPGP3
ZI252,Langley/Pool Lab,ZI252-HE,haploid_embryo,SRR203349,"X,2L,2R,3L,3R",146,146,111063446,43.2,DPGP3
ZI253,Langley/Pool Lab,ZI253-HE,haploid_embryo,SRR203350,"X,2L,2R,3L,3R",146,146,110999489,46.6,DPGP3
ZI254N,Langley/Pool Lab,ZI254N-HE,haploid_embryo,SRR203335,"X,2L,2R,3L,3R",146,146,111099774,41.2,DPGP3
ZI255,Langley/Pool Lab,ZI255-HE,haploid_embryo,SRR210784,"X,2L,2R,3L,3R",146,146,111253352,34.8,DPGP3
ZI26,Langley/Pool Lab,ZI26-HE,haploid_embryo,SRR202077,"X,2L,2R,3L,3R",146,146,110833777,39.0,DPGP3
ZI261,Langley/Pool Lab,ZI261_1-HE,haploid_embryo,SRR189424,"X,2L,2R,3L,3R",76,76,110851891,39.9,DPGP3
ZI263,Langley/Pool Lab,ZI263-HE,haploid_embryo,SRR210783,"X,2L,2R,3L,3R",146,146,111249745,47.7,DPGP3
ZI264,Langley/Pool Lab,ZI264-HE,haploid_embryo,SRR202095,"X,2L,2R,3L,3R",146,146,111218633,40.0,DPGP3
ZI265,Langley/Pool Lab,ZI265-HE,haploid_embryo,SRR204017,"X,2L,2R,3L,3R",146,146,110932562,35.6,DPGP3
ZI267,Langley/Pool Lab,ZI267-HE,haploid_embryo,SRR202081,"X,2L,2R,3L,3R",146,146,110929100,36.1,DPGP3
ZI268,Langley/Pool Lab,ZI268_1-HE,haploid_embryo,SRR189425,"X,2L,2R,3L,3R",76,76,110896603,42.0,DPGP3
ZI269,Langley/Pool Lab,ZI269-HE,haploid_embryo,SRR202094,"X,2L,2R,3L,3R",146,146,111077224,35.0,DPGP3
ZI27,Langley/Pool Lab,ZI27-HE,haploid_embryo,SRR326801,"X,2L,2R,3L,3R",150,150,111064670,39.4,DPGP3
ZI271,Langley/Pool Lab,ZI271-HE,haploid_embryo,"SRR309276,SRR654682","X,2L,2R,3L,3R","160,160","156,156",111037225,38.9,DPGP3
ZI273N,Langley/Pool Lab,ZI273N-HE,haploid_embryo,SRR210786,"X,2L,2R,3L,3R",146,146,111341925,43.2,DPGP3
ZI276,Langley/Pool Lab,ZI276-HE,haploid_embryo,SRR202079,"X,2L,2R,3L,3R",146,146,111041829,43.4,DPGP3
ZI279,Langley/Pool Lab,ZI279-HE,haploid_embryo,SRR248125,"X,2L,2R,3L,3R",146,146,111180649,43.2,DPGP3
ZI28,Langley/Pool Lab,ZI28-HE,haploid_embryo,SRR203497,"X,2L,2R,3L,3R",146,146,111231908,42.2,DPGP3
ZI281,Langley/Pool Lab,ZI281-HE,haploid_embryo,SRR342393,"X,2L,2R,3L,3R",160,156,111176333,46.6,DPGP3
ZI284,Langley/Pool Lab,ZI284-HE,haploid_embryo,SRR654554,"X,2L,2R,3L,3R",160,156,111673930,60.6,DPGP3
ZI286,Langley Lab,ZI286-HE,haploid_embryo,SRR248122,"X,2L,2R,3L,3R",146,146,111201672,41.9,DPGP3
ZI291,Langley/Pool Lab,ZI291-HE,haploid_embryo,SRR202083,"X,2L,2R,3L,3R",146,146,111244185,50.4,DPGP3
ZI292,Langley/Pool Lab,ZI292-HE,haploid_embryo,SRR309281,"X,2L,2R,3L,3R",160,156,111228834,43.7,DPGP3
ZI293,Langley/Pool Lab,ZI293-HE,haploid_embryo,SRR203237,"X,2L,2R,3L,3R",146,146,110343766,35.9,DPGP3
ZI295,Langley/Pool Lab,ZI295-HE,haploid_embryo,SRR202099,"X,2L,2R,3L,3R",146,146,111050841,45.1,DPGP3
ZI296,Langley/Pool Lab,ZI296-HE,haploid_embryo,SRR202125,"X,2L,2R,3L,3R",146,146,111197701,40.7,DPGP3
ZI303,Langley/Pool Lab,ZI303-HE,haploid_embryo,SRR326794,"X,2L,2R,3L,3R",150,150,110981466,48.5,DPGP3
ZI311N,Langley/Pool Lab,ZI311N-HE,haploid_embryo,SRR326797,"X,2L,2R,3L,3R",150,150,111207493,46.4,DPGP3
ZI313,Langley/Pool Lab,ZI313-HE,haploid_embryo,SRR203327,"X,2L,2R,3L,3R",146,146,111172112,44.2,DPGP3
ZI314,Langley/Pool Lab,ZI314-HE,haploid_embryo,SRR203510,"X,2L,2R,3L,3R",146,146,111138292,46.0,DPGP3
ZI316,Langley/Pool Lab,ZI316-HE,haploid_embryo,SRR248059,"X,2L,2R,3L,3R",146,146,110936522,31.7,DPGP3
ZI317,Langley/Pool Lab,ZI317-HE,haploid_embryo,SRR204011,"X,2L,2R,3L,3R",146,146,110981378,45.6,DPGP3
ZI319,Langley/Pool Lab,ZI319_2-HE,haploid_embryo,SRR203461,"X,2L,2R,3L,3R","146,146","146,146",111026892,47.7,DPGP3
ZI31N,Langley/Pool Lab,ZI31N-HE,haploid_embryo,SRR346924,"X,2L,2R,3L,3R",160,156,111156501,43.6,DPGP3
ZI320,Langley/Pool Lab,ZI320-HE,haploid_embryo,SRR326793,"X,2L,2R,3L,3R",150,150,110968001,52.6,DPGP3
ZI321,Langley/Pool Lab,ZI321-HE,haploid_embryo,SRR309277,"X,2L,2R,3L,3R",160,156,110631344,35.2,DPGP3
ZI324,Langley/Pool Lab,ZI324-HE,haploid_embryo,SRR204014,"X,2L,2R,3L,3R",146,146,110933242,44.1,DPGP3
ZI329,Langley Lab,ZI329-HE,haploid_embryo,SRR204006,"X,2L,2R,3L,3R",146,146,110995905,47.5,DPGP3
ZI33,Langley/Pool Lab,ZI33_2-HE,haploid_embryo,SRR654674,"X,2L,2R,3L,3R","146,160","146,156",111237879,47.4,DPGP3
ZI332,Langley/Pool Lab,ZI332-HE,haploid_embryo,SRR342392,"X,2L,2R,3L,3R",160,156,111286780,42.8,DPGP3
ZI333,Langley/Pool Lab,ZI333-HE,haploid_embryo,SRR210788,"X,2L,2R,3L,3R",146,146,111322937,52.7,DPGP3
ZI335,Langley/Pool Lab,ZI335-HE,haploid_embryo,SRR203471,"X,2L,2R,3L,3R",146,146,111193290,45.1,DPGP3
ZI336,Langley/Pool Lab,ZI336-HE,haploid_embryo,SRR203507,"X,2L,2R,3L,3R",146,146,111069706,43.9,DPGP3
ZI339,Langley/Pool Lab,ZI339-HE,haploid_embryo,SRR309278,"X,2L,2R,3L,3R",160,156,110756438,36.2,DPGP3
ZI341,Langley/Pool Lab,ZI341-HE,haploid_embryo,SRR203645,"X,2L,2R,3L,3R",146,146,111032257,40.4,DPGP3
ZI342,Langley/Pool Lab,ZI342-HE,haploid_embryo,SRR094875,"X,2L,2R,3L,3R",146,146,111427605,40.9,DPGP3
ZI344,Langley/Pool Lab,ZI344-HE,haploid_embryo,SRR309275,"X,2L,2R,3L,3R",160,156,111497058,68.2,DPGP3
ZI348,Langley/Pool Lab,ZI348-HE,haploid_embryo,SRR203475,"X,2L,2R,3L,3R",146,146,111148290,44.2,DPGP3
ZI351,Langley/Pool Lab,ZI351-HE,haploid_embryo,"SRR346920,SRR654684","X,2L,2R,3L,3R","160,160","156,156",111581494,51.3,DPGP3
ZI352,Langley/Pool Lab,ZI352-HE,haploid_embryo,SRR654676,"X,2L,2R,3L,3R",160,156,111333048,52.6,DPGP3
ZI353,Langley/Pool Lab,ZI353-HE,haploid_embryo,SRR342394,"X,2L,2R,3L,3R",160,156,111542058,52.6,DPGP3
ZI357N,Langley/Pool Lab,ZI357N-HE,haploid_embryo,SRR354000,"X,2L,2R,3L,3R",160,156,111396883,34.4,DPGP3
ZI358,Langley/Pool Lab,ZI358-HE,haploid_embryo,SRR346928,"X,2L,2R,3L,3R",160,156,111245970,39.3,DPGP3
ZI359,Langley/Pool Lab,ZI359-HE,haploid_embryo,SRR202129,"X,2L,2R,3L,3R",146,146,110339020,43.9,DPGP3
ZI362,Langley/Pool Lab,ZI362-HE,haploid_embryo,"SRR346932,SRR654685","X,2L,2R,3L,3R","160,160","156,156",111530169,47.1,DPGP3
ZI364,Langley/Pool Lab,ZI364-HE,haploid_embryo,SRR204013,"X,2L,2R,3L,3R",146,146,110964594,42.3,DPGP3
ZI365,Langley Lab,ZI365-HE,haploid_embryo,SRR203236,"X,2L,2R,3L,3R",146,146,110586302,32.6,DPGP3
ZI368,Langley/Pool Lab,ZI368-HE,haploid_embryo,SRR203462,"X,2L,2R,3L,3R",146,146,110991810,46.3,DPGP3
ZI370,Langley/Pool Lab,ZI370-HE,haploid_embryo,SRR248060,"X,2L,2R,3L,3R",146,146,111090530,40.3,DPGP3
ZI373,Langley/Pool Lab,ZI373-HE,haploid_embryo,SRR210782,"X,2L,2R,3L,3R",146,146,111053102,37.5,DPGP3
ZI374,Langley/Pool Lab,ZI374-HE,haploid_embryo,SRR204008,"X,2L,2R,3L,3R",146,146,111056480,47.7,DPGP3
ZI377,Langley/Pool Lab,ZI377-HE,haploid_embryo,SRR203498,"X,2L,2R,3L,3R",146,146,111322240,43.5,DPGP3
ZI378,Langley/Pool Lab,ZI378-HE,haploid_embryo,SRR203464,"X,2L,2R,3L,3R",146,146,110937309,46.6,DPGP3
ZI379,Langley/Pool Lab,ZI379-HE,haploid_embryo,SRR204019,"X,2L,2R,3L,3R",146,146,110916406,40.3,DPGP3
ZI380,Langley/Pool Lab,ZI380-HE,haploid_embryo,SRR210785,"X,2L,2R,3L,3R",146,146,111122604,34.1,DPGP3
ZI381,Langley/Pool Lab,ZI381-HE,haploid_embryo,SRR204010,"X,2L,2R,3L,3R",146,146,111123307,54.3,DPGP3
ZI382,Langley Lab,ZI382-HE,haploid_embryo,SRR346922,"2L,2R,3L,3R",160,156,111343902,39.0,DPGP3
ZI384,Langley Lab,ZI384-HE,haploid_embryo,SRR354004,"X,2L,2R,3L,3R",160,156,111240763,34.7,DPGP3
ZI386,Langley/Pool Lab,ZI386-HE,haploid_embryo,SRR203228,"X,2L,2R,3L,3R",146,146,110773878,41.5,DPGP3
ZI388,Langley Lab,ZI388-HE,haploid_embryo,SRR309280,"X,2L,2R,3L,3R",160,156,90467804,44.6,DPGP3
ZI392,Langley/Pool Lab,ZI392-HE,haploid_embryo,SRR354002,"X,2L,2R,3L,3R",160,156,111283714,38.2,DPGP3
ZI394N,Langley/Pool Lab,ZI394N-HE,haploid_embryo,SRR202085,"X,2L,2R,3L,3R",146,146,110688346,36.3,DPGP3
ZI395,Langley/Pool Lab,ZI395-HE,haploid_embryo,SRR326802,"X,2L,2R,3L,3R",150,150,111059586,44.3,DPGP3
ZI396,Langley/Pool Lab,ZI396-HE,haploid_embryo,SRR353757,"X,2L,2R,3L,3R",160,156,111536134,43.8,DPGP3
ZI397N,Langley Lab,ZI397N_2-HE,haploid_embryo,SRR654677,"X,2L,2R,3L,3R",160,156,111238915,39.6,DPGP3
ZI398,Langley/Pool Lab,ZI398-HE,haploid_embryo,SRR346930,"X,2L,2R,3L,3R",160,156,111203370,34.2,DPGP3
ZI400,Langley/Pool Lab,ZI400-HE,haploid_embryo,SRR203227,"X,2L,2R,3L,3R",146,146,110409903,35.8,DPGP3
ZI402,Langley/Pool Lab,ZI402-HE,haploid_embryo,SRR353999,"X,2L,2R,3L,3R",160,156,111286634,40.4,DPGP3
ZI405,Langley/Pool Lab,ZI405-HE,haploid_embryo,SRR354003,"X,2L,2R,3L,3R",160,156,111415190,41.0,DPGP3
ZI413,Langley/Pool Lab,ZI413-HE,haploid_embryo,SRR203509,"X,2L,2R,3L,3R",146,146,110893619,40.4,DPGP3
ZI418N,Langley/Pool Lab,ZI418N-HE,haploid_embryo,SRR202100,"X,2L,2R,3L,3R",146,146,111140178,46.4,DPGP3
ZI420,Langley/Pool Lab,ZI420-HE,haploid_embryo,SRR203499,"X,2L,2R,3L,3R",146,146,111259248,42.2,DPGP3
ZI421,Langley/Pool Lab,ZI421-HE,haploid_embryo,SRR326791,"X,2L,2R,3L,3R",150,150,111039987,40.1,DPGP3
ZI429,Langley/Pool Lab,ZI429-HE,haploid_embryo,SRR346919,"X,2L,2R,3L,3R",160,156,111377858,41.7,DPGP3
ZI431,Langley/Pool Lab,ZI431-HE,haploid_embryo,SRR654556,"X,2L,2R,3L,3R",160,156,111451035,49.1,DPGP3
ZI433,Langley/Pool Lab,ZI433-HE,haploid_embryo,SRR203504,"X,2L,2R,3L,3R",146,146,111110228,38.9,DPGP3
ZI437,Langley/Pool Lab,ZI437-HE,haploid_embryo,SRR326799,"X,2L,2R,3L,3R",150,150,111027633,37.3,DPGP3
ZI443,Langley/Pool Lab,ZI443-HE,haploid_embryo,SRR346923,"X,2L,2R,3L,3R",160,156,111189390,38.4,DPGP3
ZI444,Langley/Pool Lab,ZI444-HE,haploid_embryo,SRR203463,"X,2L,2R,3L,3R",146,146,110860519,46.4,DPGP3
ZI445,Langley/Pool Lab,ZI445-HE,haploid_embryo,SRR203476,"X,2L,2R,3L,3R",146,146,111325079,42.5,DPGP3
ZI446,Langley/Pool Lab,ZI446-HE,haploid_embryo,SRR342397,"X,2L,2R,3L,3R",160,156,111477958,42.4,DPGP3
ZI447,Langley/Pool Lab,ZI447-HE,haploid_embryo,SRR371534,"X,2L,2R,3L,3R",160,156,111271418,47.9,DPGP3
ZI448,Langley/Pool Lab,ZI448-HE,haploid_embryo,SRR210790,"X,2L,2R,3L,3R",146,146,110829253,37.4,DPGP3
ZI453,Langley/Pool Lab,ZI453-HE,haploid_embryo,"SRR309274,SRR654683","X,2L,2R,3L,3R","160,160","156,156",111232261,44.4,DPGP3
ZI455N,Langley/Pool Lab,ZI455N-HE,haploid_embryo,SRR654678,"X,2L,2R,3L,3R",160,156,111184389,44.3,DPGP3
ZI456,Langley/Pool Lab,ZI456-HE,haploid_embryo,SRR203466,"X,2L,2R,3L,3R",146,146,110937901,48.7,DPGP3
ZI457,Langley/Pool Lab,ZI457-HE,haploid_embryo,SRR202078,"X,2L,2R,3L,3R",146,146,111003701,41.0,DPGP3
ZI458,Langley/Pool Lab,ZI458-HE,haploid_embryo,SRR248131,"X,2L,2R,3L,3R",146,146,111077550,41.4,DPGP3
ZI460,Langley/Pool Lab,ZI460_1-HE,haploid_embryo,SRR248108,"X,2L,2R,3L,3R","146,160","146,156",111122798,44.9,DPGP3
ZI466,Langley/Pool Lab,ZI466-HE,haploid_embryo,SRR202080,"X,2L,2R,3L,3R",146,146,110719394,33.0,DPGP3
ZI467,Langley/Pool Lab,ZI467-HE,haploid_embryo,SRR346925,"X,2L,2R,3L,3R",160,156,111216765,39.5,DPGP3
ZI468,Langley/Pool Lab,ZI468_1-HE,haploid_embryo,SRR189426,"X,2L,2R,3L,3R",76,76,111007927,39.8,DPGP3
ZI471,Langley/Pool Lab,ZI471-HE,haploid_embryo,SRR203500,"X,2L,2R,3L,3R",146,146,111388396,37.8,DPGP3
ZI472,Langley/Pool Lab,ZI472-HE,haploid_embryo,SRR203465,"X,2L,2R,3L,3R",146,146,110969470,45.3,DPGP3
ZI476,Langley/Pool Lab,ZI476-HE,haploid_embryo,SRR202082,"X,2L,2R,3L,3R",146,146,110730567,33.8,DPGP3
ZI477,Langley/Pool Lab,ZI477-HE,haploid_embryo,SRR353760,"X,2L,2R,3L,3R",160,156,111424412,41.0,DPGP3
ZI486,Langley/Pool Lab,ZI486-HE,haploid_embryo,SRR654647,"X,2L,2R,3L,3R",160,156,111419352,51.4,DPGP3
ZI488,Langley/Pool Lab,ZI488-HE,haploid_embryo,SRR326792,"X,2L,2R,3L,3R",150,150,110922964,42.6,DPGP3
ZI490,Langley/Pool Lab,ZI490-HE,haploid_embryo,SRR203505,"X,2L,2R,3L,3R",146,146,111406264,41.3,DPGP3
ZI491,Langley/Pool Lab,ZI491-HE,haploid_embryo,SRR654648,"X,2L,2R,3L,3R",160,156,111283599,42.7,DPGP3
ZI504,Langley/Pool Lab,ZI504-HE,haploid_embryo,SRR248124,"X,2L,2R,3L,3R",146,146,111092429,35.2,DPGP3
ZI505,Langley/Pool Lab,ZI505-HE,haploid_embryo,SRR654649,"X,2L,2R,3L,3R",160,156,111667394,57.5,DPGP3
ZI508,Langley/Pool Lab,ZI508-HE,haploid_embryo,SRR346929,"X,2L,2R,3L,3R",160,156,111354044,40.1,DPGP3
ZI50N,Langley Lab,ZI50N-HE,haploid_embryo,SRR203334,"X,2L,2R,3L,3R",146,146,111015919,34.0,DPGP3
ZI514N,Langley Lab,ZI514N-HE,haploid_embryo,SRR654679,"X,2L,2R,3L,3R",160,156,111668331,66.0,DPGP3
ZI517,Langley/Pool Lab,ZI517-HE,haploid_embryo,SRR353758,"X,2L,2R,3L,3R",160,156,111073708,41.7,DPGP3
ZI523,Langley/Pool Lab,ZI523-HE,haploid_embryo,SRR342396,"X,2L,2R,3L,3R",160,156,111246301,42.6,DPGP3
ZI524,Langley/Pool Lab,ZI524-HE,haploid_embryo,SRR326795,"X,2L,2R,3L,3R",150,150,111204198,46.7,DPGP3
ZI527,Langley/Pool Lab,ZI527-HE,haploid_embryo,SRR203469,"X,2L,2R,3L,3R",146,146,111150627,44.8,DPGP3
ZI530,Langley/Pool Lab,ZI530-HE,haploid_embryo,SRR204009,"X,2L,2R,3L,3R",146,146,110969390,41.3,DPGP3
ZI56,Langley/Pool Lab,ZI56-HE,haploid_embryo,SRR346931,"X,2L,2R,3L,3R",160,156,111547643,41.8,DPGP3
ZI59,Langley/Pool Lab,ZI59-HE,haploid_embryo,SRR202112,"X,2L,2R,3L,3R",146,146,111161008,46.3,DPGP3
ZI61,Langley/Pool Lab,ZI61-HE,haploid_embryo,SRR203472,"X,2L,2R,3L,3R",146,146,111250675,44.1,DPGP3
ZI68,Langley/Pool Lab,ZI68-HE,haploid_embryo,SRR210789,"X,2L,2R,3L,3R",146,146,111214609,44.7,DPGP3
ZI76,Langley/Pool Lab,ZI76-HE,haploid_embryo,SRR248123,"X,2L,2R,3L,3R",146,146,111101582,34.6,DPGP3
ZI81,Langley/Pool Lab,ZI81-HE,haploid_embryo,SRR248128,"X,2L,2R,3L,3R",146,146,110944690,32.7,DPGP3
ZI85,Langley/Pool Lab,ZI85-HE,haploid_embryo,SRR203508,"X,2L,2R,3L,3R",146,146,110935893,47.0,DPGP3
ZI86,Langley/Pool Lab,ZI86-HE,haploid_embryo,SRR203231,"X,2L,2R,3L,3R",146,146,110520790,33.7,DPGP3
ZI90,Langley/Pool Lab,ZI90-HE,haploid_embryo,SRR204016,"X,2L,2R,3L,3R",146,146,111069358,41.6,DPGP3
ZI91,Langley Lab,ZI91_1-HE,haploid_embryo,SRR189423,"X,2L,2R,3L,3R",76,76,110868085,40.3,DPGP3
ZI99,Langley/Pool Lab,ZI99-HE,haploid_embryo,SRR346927,"X,2L,2R,3L,3R",160,156,111023705,37.6,DPGP3
DGRP_100,Bloomington,RAL-100,inbred_line,SRX156026,"X,2L,2R,3L,3R",125,125,78719121,68.6,DGRP
DGRP_101,Bloomington,RAL-101,inbred_line,SRX020747,"X,2L,2R,3L,3R",75,75,82508903,16.6,DGRP
DGRP_105,Bloomington,RAL-105,inbred_line,SRX020745,"X,2L,2R,3L,3R",75,75,104642376,16.8,DGRP
DGRP_109,Bloomington,RAL-109,inbred_line,"SRX020746,SRX156025","X,2L,2R,3L,3R","75,125","75,125",81812777,61.1,DGRP
DGRP_129,Bloomington,RAL-129,inbred_line,SRX020748,"X,2L,2R,3L,3R",75,75,107636023,12.6,DGRP
DGRP_136,Bloomington,RAL-136,inbred_line,SRX020753,"X,2L,2R,3L,3R",75,75,59485414,18.5,DGRP
DGRP_138,Bloomington,RAL-138,inbred_line,SRX021008,"X,2L,2R,3L,3R",100,100,96541318,37.7,DGRP
DGRP_142,Bloomington,RAL-142,inbred_line,SRX020759,"X,2L,2R,3L,3R",110,110,98617020,30.3,DGRP
DGRP_149,Bloomington,RAL-149,inbred_line,SRX020760,"X,2L,2R,3L,3R",75,75,97042406,19.3,DGRP
DGRP_153,Bloomington,RAL-153,inbred_line,SRX021514,"X,2L,2R,3L,3R",75,X,101060949,12.1,DGRP
DGRP_158,Bloomington,RAL-158,inbred_line,SRX021009,"X,2L,2R,3L,3R",75,75,102728351,15.6,DGRP
DGRP_161,Bloomington,RAL-161,inbred_line,SRX020761,"X,2L,2R,3L,3R",75,75,102588490,17.7,DGRP
DGRP_176,Bloomington,RAL-176,inbred_line,"SRX020763,SRX020762","X,2L,2R,3L,3R",75,75,99935624,38.9,DGRP
DGRP_177,Bloomington,RAL-177,inbred_line,SRX021026,"X,2L,2R,3L,3R",95,95,103935203,28.6,DGRP
DGRP_181,Bloomington,RAL-181,inbred_line,SRX020912,"X,2L,2R,3L,3R",75,75,104996581,31.5,DGRP
DGRP_189,Bloomington,RAL-189,inbred_line,SRX155979,"X,2L,2R,3L,3R",125,125,102065992,49.6,DGRP
DGRP_195,Bloomington,RAL-195,inbred_line,SRX021039,"X,2L,2R,3L,3R",75,75,103466278,18.4,DGRP
DGRP_208,Bloomington,RAL-208,inbred_line,SRX005977,"X,2L,2R,3L,3R","45,64,75","45,64,75",104403636,18.5,DGRP
DGRP_21,Bloomington,RAL-21,inbred_line,SRX021040,"X,2L,2R,3L,3R",95,95,104292156,19.2,DGRP
DGRP_217,Bloomington,RAL-217,inbred_line,SRX021041,"X,2L,2R,3L,3R",75,75,102158676,16.5,DGRP
DGRP_223,Bloomington,RAL-223,inbred_line,SRX155994,"X,2L,2R,3L,3R",125,125,99556825,51.1,DGRP
DGRP_227,Bloomington,RAL-227,inbred_line,SRX021042,"X,2L,2R,3L,3R",75,75,106476624,14.2,DGRP
DGRP_228,Bloomington,RAL-228,inbred_line,SRX021043,"X,2L,2R,3L,3R",75,75,104044234,14.8,DGRP
DGRP_229,Bloomington,RAL-229,inbred_line,SRX021052,"X,2L,2R,3L,3R","75,125","75,125",94636568,68.1,DGRP
DGRP_233,Bloomington,RAL-233,inbred_line,SRX021061,"X,2L,2R,3L,3R",75,75,105688202,15.7,DGRP
DGRP_235,Bloomington,RAL-235,inbred_line,SRX021053,"X,2L,2R,3L,3R",95,95,106723714,23.1,DGRP
DGRP_237,Bloomington,RAL-237,inbred_line,"SRX023423,SRX023422","X,2L,2R,3L,3R","44,75","44,75",66025592,19.9,DGRP
DGRP_239,Bloomington,RAL-239,inbred_line,SRX021054,"X,2L,2R,3L,3R",75,75,104957533,17.8,DGRP
DGRP_256,Bloomington,RAL-256,inbred_line,SRX021055,"X,2L,2R,3L,3R",75,75,104895854,17.7,DGRP
DGRP_26,Bloomington,RAL-26,inbred_line,SRX021056,"X,2L,2R,3L,3R","44,75","44,75",105802676,18.7,DGRP
DGRP_28,Bloomington,RAL-28,inbred_line,"SRX021783,SRX021782","X,2L,2R,3L,3R","44,75","44,75",107844074,17.5,DGRP
DGRP_280,Bloomington,RAL-280,inbred_line,SRX021058,"X,2L,2R,3L,3R",75,75,106201935,17.9,DGRP
DGRP_287,Bloomington,RAL-287,inbred_line,SRX021059,"X,2L,2R,3L,3R",75,75,103982661,14.0,DGRP
DGRP_301,Bloomington,RAL-301,inbred_line,"SRX155995,SRX005978","X,2L,2R,3L,3R","45,64,75,125","45,64,75,125",76579814,69.5,DGRP
DGRP_303,Bloomington,RAL-303,inbred_line,"SRX155978,SRX155977,SRX005986,SRX005985","X,2L,2R,3L,3R","45,64,100,125","45,64,100,125",27451729,160.7,DGRP
DGRP_304,Bloomington,RAL-304,inbred_line,"SRX156009,SRX156008,SRX005988,SRX005987","X,2L,2R,3L,3R","45,64,75,85,100,125","45,64,75,85,100,125",88936138,143.3,DGRP
DGRP_306,Bloomington,RAL-306,inbred_line,"SRX156007,SRX006140,SRX006139","X,2L,2R,3L,3R","45,64,75,125","45,64,75,125",84948450,52.3,DGRP
DGRP_307,Bloomington,RAL-307,inbred_line,"SRX156012,SRX156011,SRX006188,SRX006187,SRX006186","X,2L,2R,3L,3R","36,45,75,100,125","36,45,X,100,125",80677920,166.7,DGRP
DGRP_309,Bloomington,RAL-309,inbred_line,SRX021060,"X,2L,2R,3L,3R",75,75,76512985,17.8,DGRP
DGRP_31,Bloomington,RAL-31,inbred_line,SRX155996,"X,2L,2R,3L,3R",125,125,55395121,60.4,DGRP
DGRP_310,Bloomington,RAL-310,inbred_line,SRX021080,"X,2L,2R,3L,3R",75,75,104451231,16.8,DGRP
DGRP_313,Bloomington,RAL-313,inbred_line,"SRX006277, SRX006276,SRX006275","X,2L,2R,3L,3R","36,45,75","36,45,75",102983046,7.8,DGRP
DGRP_315,Bloomington,RAL-315,inbred_line,"SRX156010,SRX006143,SRX006142,SRX006141","X,2L,2R,3L,3R","45,75,85,125","45,75,85,125",102595282,48.6,DGRP
DGRP_317,Bloomington,RAL-317,inbred_line,SRX021081,"X,2L,2R,3L,3R",75,75,74390870,13.0,DGRP
DGRP_318,Bloomington,RAL-318,inbred_line,SRX021082,"X,2L,2R,3L,3R",75,75,105385815,19.9,DGRP
DGRP_319,Bloomington,RAL-319,inbred_line,SRX155981,"X,2L,2R,3L,3R",125,125,83656131,45.4,DGRP
DGRP_32,Bloomington,RAL-32,inbred_line,SRX155997,"X,2L,2R,3L,3R",125,125,87259679,68.7,DGRP
DGRP_320,Bloomington,RAL-320,inbred_line,SRX021063,"X,2L,2R,3L,3R",95,95,98247189,30.7,DGRP
DGRP_321,Bloomington,RAL-321,inbred_line,SRX021094,"X,2L,2R,3L,3R",95,95,87117056,40.5,DGRP
DGRP_324,Bloomington,RAL-324,inbred_line,"SRX006144,SRX006145,SRX155982","X,2L,2R,3L,3R","45,100","45,100",89249552,123.1,DGRP
DGRP_325,Bloomington,RAL-325,inbred_line,SRX021793,"X,2L,2R,3L,3R",75,X,96797469,15.4,DGRP
DGRP_332,Bloomington,RAL-332,inbred_line,SRX021095,"X,2L,2R,3L,3R",75,75,89263425,33.0,DGRP
DGRP_335,Bloomington,RAL-335,inbred_line,SRX021097,"X,2L,2R,3L,3R",45,45,93855137,9.7,DGRP
DGRP_336,Bloomington,RAL-336,inbred_line,SRX021096,"X,2L,2R,3L,3R",75,75,81320594,13.9,DGRP
DGRP_338,Bloomington,RAL-338,inbred_line,SRX021097,"X,2L,2R,3L,3R",75,75,67082309,14.0,DGRP
DGRP_340,Bloomington,RAL-340,inbred_line,SRX156030,"X,2L,2R,3L,3R","75,100","75,100",74397518,85.8,DGRP
DGRP_348,Bloomington,RAL-348,inbred_line,SRX156029,"X,2L,2R,3L,3R",125,125,99848960,60.5,DGRP
DGRP_350,Bloomington,RAL-350,inbred_line,SRX021100,"X,2L,2R,3L,3R",75,75,78798169,13.2,DGRP
DGRP_352,Bloomington,RAL-352,inbred_line,SRX021101,"X,2L,2R,3L,3R",75,75,77575957,20.4,DGRP
DGRP_354,Bloomington,RAL-354,inbred_line,SRX156027,"X,2L,2R,3L,3R",101,101,98651323,68.6,DGRP
DGRP_355,Bloomington,RAL-355,inbred_line,SRX156028,"X,2L,2R,3L,3R",101,101,101144626,54.9,DGRP
DGRP_356,Bloomington,RAL-356,inbred_line,SRX023833,"X,2L,2R,3L,3R",75,75,93200563,20.6,DGRP
DGRP_357,Bloomington,RAL-357,inbred_line,"SRX006146,SRX006147","X,2L,2R,3L,3R",45,45,107645078,19.3,DGRP
DGRP_358,Bloomington,RAL-358,inbred_line,"SRX006283,SRX006282","X,2L,2R,3L,3R","45,75","45,75",103425396,9.0,DGRP
DGRP_359,Bloomington,RAL-359,inbred_line,SRX023424,"X,2L,2R,3L,3R",95,95,92485640,22.5,DGRP
DGRP_360,Bloomington,RAL-360,inbred_line,"SRX155999,SRX006309","X,2L,2R,3L,3R","36,125","36,X",97144543,45.6,DGRP
DGRP_361,Bloomington,RAL-361,inbred_line,SRX155984,"X,2L,2R,3L,3R",125,125,71456426,52.8,DGRP
DGRP_362,Bloomington,RAL-362,inbred_line,"SRX006288,SRX006287","X,2L,2R,3L,3R","45,75,125","X,X,125",95895275,47.9,DGRP
DGRP_365,Bloomington,RAL-365,inbred_line,"SRX006291, SRX006290,SRX006289","X,2L,2R,3L,3R","45,75","45,75",99527793,18.9,DGRP
DGRP_367,Bloomington,RAL-367,inbred_line,SRX021103,"X,2L,2R,3L,3R",75,75,97051384,16.2,DGRP
DGRP_370,Bloomington,RAL-370,inbred_line,SRX021104,"X,2L,2R,3L,3R",95,95,105352200,25.2,DGRP
DGRP_371,Bloomington,RAL-371,inbred_line,"SRX021257,SRX156000","X,2L,2R,3L,3R","75,85,125","75,85,125",103328863,51.0,DGRP
DGRP_373,Bloomington,RAL-373,inbred_line,"SRX023425,SRX155983","X,2L,2R,3L,3R","95,125","95,125",71311825,59.0,DGRP
DGRP_374,Bloomington,RAL-374,inbred_line,SRX023427,"X,2L,2R,3L,3R",95,95,106286528,16.3,DGRP
DGRP_375,Bloomington,RAL-375,inbred_line,"SRX006150, SRX006149,SRX006148","X,2L,2R,3L,3R","45,75","45,75",96281963,34.8,DGRP
DGRP_377,Bloomington,RAL-377,inbred_line,SRX023834,"X,2L,2R,3L,3R",95,95,67617018,26.0,DGRP
DGRP_379,Bloomington,RAL-379,inbred_line,"SRX006293,SRX006292","X,2L,2R,3L,3R","45,75","45,75",103854175,13.7,DGRP
DGRP_38,Bloomington,RAL-38,inbred_line,SRX025317,"X,2L,2R,3L,3R",95,95,73230011,33.3,DGRP
DGRP_380,Bloomington,RAL-380,inbred_line,"SRX006303, SRX006302, SRX006301,SRX006300","X,2L,2R,3L,3R","45,74,75","45,74,75",104779128,33.8,DGRP
DGRP_381,Bloomington,RAL-381,inbred_line,SRX021112,"X,2L,2R,3L,3R",75,75,81170512,26.8,DGRP
DGRP_382,Bloomington,RAL-382,inbred_line,SRX156013,"X,2L,2R,3L,3R",125,125,101549426,50.0,DGRP
DGRP_383,Bloomington,RAL-383,inbred_line,SRX021113,"X,2L,2R,3L,3R",95,95,106664858,22.7,DGRP
DGRP_385,Bloomington,RAL-385,inbred_line,SRX159098,"X,2L,2R,3L,3R",95,95,101942106,13.5,DGRP
DGRP_386,Bloomington,RAL-386,inbred_line,"SRX021798,SRX021797","X,2L,2R,3L,3R","44,75","44,75",100897693,14.1,DGRP
DGRP_390,Bloomington,RAL-390,inbred_line,SRX156014,"X,2L,2R,3L,3R",125,125,74517558,34.9,DGRP
DGRP_391,Bloomington,RAL-391,inbred_line,"SRX023452, SRX006152,SRX006151","X,2L,2R,3L,3R","45,75,95","45,75,95",101480966,44.3,DGRP
DGRP_392,Bloomington,RAL-392,inbred_line,SRX021157,"X,2L,2R,3L,3R",95,95,86916271,28.2,DGRP
DGRP_395,Bloomington,RAL-395,inbred_line,SRX156015,"X,2L,2R,3L,3R",101,101,100595959,56.2,DGRP
DGRP_397,Bloomington,RAL-397,inbred_line,SRX156017,"X,2L,2R,3L,3R",125,125,75539879,40.6,DGRP
DGRP_399,Bloomington,RAL-399,inbred_line,"SRX006154,SRX006153","X,2L,2R,3L,3R","45,75","45,75",106773328,18.3,DGRP
DGRP_40,Bloomington,RAL-40,inbred_line,SRX021235,"X,2L,2R,3L,3R",95,95,103478889,39.9,DGRP
DGRP_405,Bloomington,RAL-405,inbred_line,SRX021242,"X,2L,2R,3L,3R",95,95,79917449,25.7,DGRP
DGRP_406,Bloomington,RAL-406,inbred_line,SRX021254,"X,2L,2R,3L,3R",95,95,102772238,29.4,DGRP
DGRP_409,Bloomington,RAL-409,inbred_line,"SRX021243,SRX156016","X,2L,2R,3L,3R","95,125","95,125",49426551,49.3,DGRP
DGRP_41,Bloomington,RAL-41,inbred_line,"SRX021791,SRX021790","X,2L,2R,3L,3R","44,75","44,75",101569171,16.2,DGRP
DGRP_42,Bloomington,RAL-42,inbred_line,SRX021255,"X,2L,2R,3L,3R",95,95,103013287,21.9,DGRP
DGRP_426,Bloomington,RAL-426,inbred_line,SRX021245,"X,2L,2R,3L,3R",95,95,66109625,26.9,DGRP
DGRP_427,Bloomington,RAL-427,inbred_line,SRX006155,"X,2L,2R,3L,3R",45,45,105484559,19.2,DGRP
DGRP_437,Bloomington,RAL-437,inbred_line,"SRX006156,SRX156001","X,2L,2R,3L,3R","45,125","45,125",96495501,50.3,DGRP
DGRP_439,Bloomington,RAL-439,inbred_line,SRX021244,"X,2L,2R,3L,3R",95,95,101999679,22.8,DGRP
DGRP_440,Bloomington,RAL-440,inbred_line,SRX021246,"X,2L,2R,3L,3R",95,95,77187388,24.6,DGRP
DGRP_441,Bloomington,RAL-441,inbred_line,SRX023835,"X,2L,2R,3L,3R",95,95,106182449,23.8,DGRP
DGRP_443,Bloomington,RAL-443,inbred_line,SRX021260,"X,2L,2R,3L,3R",95,95,79324312,29.4,DGRP
DGRP_45,Bloomington,RAL-45,inbred_line,SRX021261,"X,2L,2R,3L,3R",75,75,103684867,18.4,DGRP
DGRP_461,Bloomington,RAL-461,inbred_line,SRX021262,"X,2L,2R,3L,3R",95,95,105969969,21.8,DGRP
DGRP_48,Bloomington,RAL-48,inbred_line,SRX155989,"X,2L,2R,3L,3R",125,125,68338474,40.4,DGRP
DGRP_486,Bloomington,RAL-486,inbred_line,SRX006157,"X,2L,2R,3L,3R",45,45,106957262,10.2,DGRP
DGRP_49,Bloomington,RAL-49,inbred_line,SRX021267,"X,2L,2R,3L,3R",75,75,101737891,19.6,DGRP
DGRP_491,Bloomington,RAL-491,inbred_line,SRX021268,"X,2L,2R,3L,3R",75,75,107400717,19.2,DGRP
DGRP_492,Bloomington,RAL-492,inbred_line,SRX021270,"X,2L,2R,3L,3R",95,95,105661942,27.7,DGRP
DGRP_502,Bloomington,RAL-502,inbred_line,SRX021271,"X,2L,2R,3L,3R",95,95,85502169,27.6,DGRP
DGRP_505,Bloomington,RAL-505,inbred_line,SRX156002,"X,2L,2R,3L,3R",125,125,105560208,53.6,DGRP
DGRP_508,Bloomington,RAL-508,inbred_line,SRX021272,"X,2L,2R,3L,3R",95,95,105825297,25.7,DGRP
DGRP_509,Bloomington,RAL-509,inbred_line,SRX021273,"X,2L,2R,3L,3R",75,75,106254724,19.5,DGRP
DGRP_513,Bloomington,RAL-513,inbred_line,SRX021282,"X,2L,2R,3L,3R",95,95,104663849,24.9,DGRP
DGRP_517,Bloomington,RAL-517,inbred_line,"SRX024363,SRX024362","X,2L,2R,3L,3R","45,75","45,75",103498102,29.1,DGRP
DGRP_528,Bloomington,RAL-528,inbred_line,SRX155985,"X,2L,2R,3L,3R",125,125,55711410,46.9,DGRP
DGRP_530,Bloomington,RAL-530,inbred_line,SRX156031,"X,2L,2R,3L,3R",125,125,103712530,25.3,DGRP
DGRP_531,Bloomington,RAL-531,inbred_line,SRX021290,"X,2L,2R,3L,3R",95,95,89151427,21.4,DGRP
DGRP_535,Bloomington,RAL-535,inbred_line,SRX021293,"X,2L,2R,3L,3R",75,75,105760333,19.2,DGRP
DGRP_551,Bloomington,RAL-551,inbred_line,SRX156034,"X,2L,2R,3L,3R",125,125,71277800,25.9,DGRP
DGRP_555,Bloomington,RAL-555,inbred_line,SRX006159,"X,2L,2R,3L,3R",75,75,102879250,23.6,DGRP
DGRP_559,Bloomington,RAL-559,inbred_line,SRX156032,"X,2L,2R,3L,3R",125,125,68900885,29.1,DGRP
DGRP_563,Bloomington,RAL-563,inbred_line,SRX023836,"X,2L,2R,3L,3R",75,75,65528179,14.2,DGRP
DGRP_566,Bloomington,RAL-566,inbred_line,SRX156033,"X,2L,2R,3L,3R",101,101,81912974,58.6,DGRP
DGRP_57,Bloomington,RAL-57,inbred_line,SRX021296,"X,2L,2R,3L,3R",100,100,100489622,40.6,DGRP
DGRP_584,Bloomington,RAL-584,inbred_line,"SRX155987,SRX155986","X,2L,2R,3L,3R","95,125","95,125",83700944,72.5,DGRP
DGRP_589,Bloomington,RAL-589,inbred_line,SRX023837,"X,2L,2R,3L,3R","75,100","75,100",99104017,109.7,DGRP
DGRP_59,Bloomington,RAL-59,inbred_line,SRX021327,"X,2L,2R,3L,3R",75,75,97279927,19.6,DGRP
DGRP_595,Bloomington,RAL-595,inbred_line,SRX021328,"X,2L,2R,3L,3R",75,75,103377114,13.4,DGRP
DGRP_596,Bloomington,RAL-596,inbred_line,SRX156004,"X,2L,2R,3L,3R",101,101,100970664,49.2,DGRP
DGRP_627,Bloomington,RAL-627,inbred_line,SRX155988,"X,2L,2R,3L,3R",125,125,13017034,61.8,DGRP
DGRP_630,Bloomington,RAL-630,inbred_line,SRX156003,"X,2L,2R,3L,3R",125,125,50162110,28.8,DGRP
DGRP_634,Bloomington,RAL-634,inbred_line,SRX156018,"X,2L,2R,3L,3R",125,125,79250439,23.8,DGRP
DGRP_639,Bloomington,RAL-639,inbred_line,"SRX006161,SRX006160","X,2L,2R,3L,3R",75,75,104090386,20.8,DGRP
DGRP_642,Bloomington,RAL-642,inbred_line,SRX021331,"X,2L,2R,3L,3R",75,75,106451383,17.9,DGRP
DGRP_646,Bloomington,RAL-646,inbred_line,SRX021332,"X,2L,2R,3L,3R",75,75,104861806,15.9,DGRP
DGRP_69,Bloomington,RAL-69,inbred_line,SRX023449,"X,2L,2R,3L,3R",75,75,105752261,21.5,DGRP
DGRP_703,Bloomington,RAL-703,inbred_line,SRX021508,"X,2L,2R,3L,3R",95,95,106908099,19.5,DGRP
DGRP_705,Bloomington,RAL-705,inbred_line,SRX006162,"X,2L,2R,3L,3R",75,75,102157975,21.6,DGRP
DGRP_707,Bloomington,RAL-707,inbred_line,SRX006163,"X,2L,2R,3L,3R",75,75,102679934,21.9,DGRP
DGRP_712,Bloomington,RAL-712,inbred_line,SRX006164,"X,2L,2R,3L,3R",75,75,104671439,20.1,DGRP
DGRP_714,Bloomington,RAL-714,inbred_line,"SRX006166,SRX006165","X,2L,2R,3L,3R",75,75,97359190,21.1,DGRP
DGRP_716,Bloomington,RAL-716,inbred_line,SRX021380,"X,2L,2R,3L,3R",75,75,105613017,16.0,DGRP
DGRP_721,Bloomington,RAL-721,inbred_line,SRX021381,"X,2L,2R,3L,3R",75,75,106812488,16.2,DGRP
DGRP_727,Bloomington,RAL-727,inbred_line,SRX021382,"X,2L,2R,3L,3R",75,75,100254584,32.9,DGRP
DGRP_73,Bloomington,RAL-73,inbred_line,SRX023450,"X,2L,2R,3L,3R",75,75,102344622,17.9,DGRP
DGRP_730,Bloomington,RAL-730,inbred_line,SRX006308,"X,2L,2R,3L,3R",75,X,105489008,17.1,DGRP
DGRP_732,Bloomington,RAL-732,inbred_line,SRX006167,"X,2L,2R,3L,3R",75,75,73404212,20.0,DGRP
DGRP_737,Bloomington,RAL-737,inbred_line,SRX023451,"X,2L,2R,3L,3R",75,75,74726187,31.1,DGRP
DGRP_738,Bloomington,RAL-738,inbred_line,SRX021383,"X,2L,2R,3L,3R",75,75,50666335,34.6,DGRP
DGRP_748,Bloomington,RAL-748,inbred_line,"SRX156019,SRX156020","X,2L,2R,3L,3R","95,125","95,125",96120869,57.9,DGRP
DGRP_75,Bloomington,RAL-75,inbred_line,SRX021384,"X,2L,2R,3L,3R",110,110,98357902,27.4,DGRP
DGRP_757,Bloomington,RAL-757,inbred_line,SRX021385,"X,2L,2R,3L,3R",75,75,89555932,33.0,DGRP
DGRP_761,Bloomington,RAL-761,inbred_line,SRX021386,"X,2L,2R,3L,3R",75,75,105570173,19.1,DGRP
DGRP_765,Bloomington,RAL-765,inbred_line,"SRX006169,SRX006168","X,2L,2R,3L,3R",75,75,103829004,20.8,DGRP
DGRP_774,Bloomington,RAL-774,inbred_line,"SRX006170,SRX156022","X,2L,2R,3L,3R","45,125","45,125",72795328,37.4,DGRP
DGRP_776,Bloomington,RAL-776,inbred_line,SRX021387,"X,2L,2R,3L,3R",75,75,94802683,20.0,DGRP
DGRP_783,Bloomington,RAL-783,inbred_line,SRX023455,"X,2L,2R,3L,3R",75,75,107208600,17.0,DGRP
DGRP_786,Bloomington,RAL-786,inbred_line,SRX006171,"X,2L,2R,3L,3R",45,45,105919983,13.7,DGRP
DGRP_787,Bloomington,RAL-787,inbred_line,SRX021388,"X,2L,2R,3L,3R",75,75,105181015,19.1,DGRP
DGRP_790,Bloomington,RAL-790,inbred_line,SRX021389,"X,2L,2R,3L,3R",95,95,105907935,20.1,DGRP
DGRP_796,Bloomington,RAL-796,inbred_line,SRX021390,"X,2L,2R,3L,3R",75,75,95645947,18.7,DGRP
DGRP_799,Bloomington,RAL-799,inbred_line,"SRX006172,SRX006173","X,2L,2R,3L,3R",75,75,108151667,20.1,DGRP
DGRP_801,Bloomington,RAL-801,inbred_line,"SRX021391,SRX156021","X,2L,2R,3L,3R","95,125","95,125",85005571,52.9,DGRP
DGRP_802,Bloomington,RAL-802,inbred_line,"SRX025318,SRX156005","X,2L,2R,3L,3R","95,125","95,125",43333097,62.2,DGRP
DGRP_804,Bloomington,RAL-804,inbred_line,SRX021399,"X,2L,2R,3L,3R",75,75,95977503,18.7,DGRP
DGRP_805,Bloomington,RAL-805,inbred_line,SRX021400,"X,2L,2R,3L,3R",75,75,106768340,19.7,DGRP
DGRP_808,Bloomington,RAL-808,inbred_line,"SRX021402,SRX155992","X,2L,2R,3L,3R","75,125","75,125",80744098,68.1,DGRP
DGRP_810,Bloomington,RAL-810,inbred_line,SRX021418,"X,2L,2R,3L,3R",75,75,106947338,16.9,DGRP
DGRP_812,Bloomington,RAL-812,inbred_line,SRX021419,"X,2L,2R,3L,3R",75,75,87679734,20.3,DGRP
DGRP_818,Bloomington,RAL-818,inbred_line,SRX021478,"X,2L,2R,3L,3R",75,75,88777262,18.5,DGRP
DGRP_819,Bloomington,RAL-819,inbred_line,SRX156006,"X,2L,2R,3L,3R",100,100,98281931,93.2,DGRP
DGRP_820,Bloomington,RAL-820,inbred_line,"SRX006174,SRX006175","X,2L,2R,3L,3R",75,75,105265640,18.2,DGRP
DGRP_821,Bloomington,RAL-821,inbred_line,"SRX155990,SRX155991","X,2L,2R,3L,3R","100,125","100,125",72128197,135.8,DGRP
DGRP_822,Bloomington,RAL-822,inbred_line,SRX021476,"X,2L,2R,3L,3R",110,110,80284924,23.9,DGRP
DGRP_83,Bloomington,RAL-83,inbred_line,SRX023456,"X,2L,2R,3L,3R",75,75,88303008,17.4,DGRP
DGRP_832,Bloomington,RAL-832,inbred_line,SRX021477,"X,2L,2R,3L,3R",95,95,100447742,17.5,DGRP
DGRP_837,Bloomington,RAL-837,inbred_line,SRX021479,"X,2L,2R,3L,3R",95,95,104768997,25.0,DGRP
DGRP_843,Bloomington,RAL-843,inbred_line,SRX156036,"X,2L,2R,3L,3R",125,125,100039456,52.6,DGRP
DGRP_849,Bloomington,RAL-849,inbred_line,SRX156035,"X,2L,2R,3L,3R",125,125,80311569,47.5,DGRP
DGRP_85,Bloomington,RAL-85,inbred_line,SRX021490,"X,2L,2R,3L,3R",75,75,78667915,18.5,DGRP
DGRP_850,Bloomington,RAL-850,inbred_line,SRX155993,"X,2L,2R,3L,3R",125,125,101881475,54.8,DGRP
DGRP_852,Bloomington,RAL-852,inbred_line,"SRX006304,SRX006305","X,2L,2R,3L,3R","45,75","45,75",70098375,26.4,DGRP
DGRP_853,Bloomington,RAL-853,inbred_line,"SRX021491,SRX155976","X,2L,2R,3L,3R","110,125","110,125",64250145,75.7,DGRP
DGRP_855,Bloomington,RAL-855,inbred_line,SRX021563,"X,2L,2R,3L,3R",110,110,85721004,25.3,DGRP
DGRP_857,Bloomington,RAL-857,inbred_line,SRX021492,"X,2L,2R,3L,3R",110,110,69411495,27.6,DGRP
DGRP_859,Bloomington,RAL-859,inbred_line,SRX006176,"X,2L,2R,3L,3R",75,75,105128719,18.1,DGRP
DGRP_861,Bloomington,RAL-861,inbred_line,SRX021493,"X,2L,2R,3L,3R",75,75,99750030,17.4,DGRP
DGRP_879,Bloomington,RAL-879,inbred_line,SRX021494,"X,2L,2R,3L,3R",75,75,106071560,19.0,DGRP
DGRP_88,Bloomington,RAL-88,inbred_line,SRX021495,"X,2L,2R,3L,3R",75,75,74654143,16.7,DGRP
DGRP_882,Bloomington,RAL-882,inbred_line,SRX021496,"X,2L,2R,3L,3R",75,75,107460103,21.3,DGRP
DGRP_884,Bloomington,RAL-884,inbred_line,SRX021498,"X,2L,2R,3L,3R",75,75,79730404,19.2,DGRP
DGRP_887,Bloomington,RAL-887,inbred_line,SRX021527,"X,2L,2R,3L,3R",95,95,106914571,24.9,DGRP
DGRP_890,Bloomington,RAL-890,inbred_line,SRX021499,"X,2L,2R,3L,3R",75,75,103174916,18.9,DGRP
DGRP_892,Bloomington,RAL-892,inbred_line,SRX023838,"X,2L,2R,3L,3R",95,95,90791006,25.0,DGRP
DGRP_894,Bloomington,RAL-894,inbred_line,SRX021528,"X,2L,2R,3L,3R",95,95,95111083,20.2,DGRP
DGRP_897,Bloomington,RAL-897,inbred_line,SRX023457,"X,2L,2R,3L,3R",75,75,106801621,33.3,DGRP
DGRP_900,Bloomington,RAL-900,inbred_line,SRX156023,"X,2L,2R,3L,3R","95,125","95,125",84048116,67.3,DGRP
DGRP_907,Bloomington,RAL-907,inbred_line,SRX021500,"X,2L,2R,3L,3R",95,95,55238478,21.4,DGRP
DGRP_908,Bloomington,RAL-908,inbred_line,SRX021501,"X,2L,2R,3L,3R",95,95,106102882,21.4,DGRP
DGRP_91,Bloomington,RAL-91,inbred_line,SRX021503,"X,2L,2R,3L,3R",75,75,103375354,16.7,DGRP
DGRP_911,Bloomington,RAL-911,inbred_line,SRX021502,"X,2L,2R,3L,3R",95,95,58417147,19.0,DGRP
DGRP_913,Bloomington,RAL-913,inbred_line,SRX156024,"X,2L,2R,3L,3R",125,125,41325376,51.8,DGRP
DGRP_93,Bloomington,RAL-93,inbred_line,SRX021504,"X,2L,2R,3L,3R",75,75,106179124,18.3,DGRP
b1,Bloomington,b1,inbred_line,"SRX136811,SRX136827,SRX136830","X,2L,2R,3L,3R",54,54,110353429,28.5,DSRP
b3839,Bloomington,b3839,inbred_line,"SRX136799,SRX136832,SRX136840","X,2L,2R,3L,3R",54,54,109543065,28.8,DSRP
b3841,Bloomington,b3841,inbred_line,"SRX136809,SRX136836,SRX136849","X,2L,2R,3L,3R",54,54,83689389,47.1,DSRP
b3841ST,Bloomington,b3841ST,inbred_line,"SRX136808,SRX136826","X,2L,2R,3L,3R",76,76,103976892,46.2,DSRP
b3844,Bloomington,b3844,inbred_line,"SRX136805,SRX136820,SRX136846","X,2L,2R,3L,3R",54,54,110360401,34.3,DSRP
b3846,Bloomington,b3846,inbred_line,"SRX136801,SRX136829,SRX136838","X,2L,2R,3L,3R",54,54,102296558,45.4,DSRP
b3852,Bloomington,b3852,inbred_line,"SRX136803,SRX136804,SRX136845","X,2L,2R,3L,3R",54,54,109289027,48.8,DSRP
b3864,Bloomington,b3864,inbred_line,"SRX136812,SRX136816,SRX136823","X,2L,2R,3L,3R",54,54,109863021,47.7,DSRP
b3870,Bloomington,b3870,inbred_line,"SRX136821,SRX136825,SRX136839","X,2L,2R,3L,3R",54,54,109708991,42.0,DSRP
b3875,Bloomington,b3875,inbred_line,"SRX136807,SRX136824,SRX136831","X,2L,2R,3L,3R",54,54,110635948,44.7,DSRP
b3886,Bloomington,b3886,inbred_line,"SRX136818,SRX136835,SRX136848","X,2L,2R,3L,3R",54,54,110152182,50.3,DSRP
SAM,TFC Mackay,SAM,inbred_line,"SRX136800,SRX136833,SRX136843","X,2L,2R,3L,3R",54,54,111050989,48.9,DSRP
t0,Tucson,t0,inbred_line,"SRX136813,SRX136841,SRX136842","X,2L,2R,3L,3R",54,54,88532673,47.0,DSRP
t0XSAM,,t0XSAM,inbred_line,"SRX136810,SRX136847","X,2L,2R,3L,3R","54,76","54,76",n/a,34.5,DSRP
t0XSS,,t0XSS,inbred_line,"SRX136817,SRX136837","X,2L,2R,3L,3R","54,76","54,76",n/a,40.1,DSRP
t1,Tucson,t1,inbred_line,"SRX136802,SRX136834,SRX136844","X,2L,2R,3L,3R",54,54,106979005,35.1,DSRP
t4,Tucson,t4,inbred_line,"SRX136806,SRX136815,SRX136828","X,2L,2R,3L,3R",54,54,110549296,27.0,DSRP
t7,Tucson,t7,inbred_line,"SRX136814,SRX136819,SRX136822","X,2L,2R,3L,3R",54,54,104709563,37.0,DSRP
,,,,,,,,,,
,,,,,,,,,,
"* ""N"" refers to lines that were inbred (sib-mated) for at least 5 generations for the DPGP/DPGP2/DPGP3 genomes, and at least 8 generations for the AGES genomes. For the DGRP lines, inbreeding is described in Mackay et al. (2012)",,,,,,,,,,
"   ""-1"",  ""-2"" or ""-3"" refers to extraction lines homozygous for the X, second or third chromosome, respectively. ""-1-3"" refers to extraction lines homozygous for the X and third chromosomes.",,,,,,,,,,
"   ""_1"", ""_2"", etc. refer to DNA library number. Only one library was sequenced for most samples, except where noted in ""Comments"".",,,,,,,,,,
,,,,,,,,,,
** Total basepair coverage and mean sequencing depth are reported for focal chromosomes only.,,,,,,,,,,
     Depth is averaged across only sites above quality thresholds.,,,,,,,,,,
